Facility ID,Facility Name,Audience,Prompt Version,Performance Evidence,Context Evidence,Prompt,Prompt Tokens,Within Token Limit,Generated Narrative
200033,NORTHERN LIGHT EASTERN MAINE MEDICAL CENTER,Patient Friendly,1,"Facility: NORTHERN LIGHT EASTERN MAINE MEDICAL CENTER

Strengths:
  Timely and Effective Care
  Relative Performance: 0.06 SD from cohort

  Key Measures:
    - ED Time - Psychiatric Patients: 106.00 Minutes
      Cohort Mean: 319.04 | Lower is Better
    - Septic Shock 3-Hour Bundle: 87.00 Percent
      Cohort Mean: 71.21 | Higher is Better

Weaknesses:
  Patient Survey

  Key Measures:
    - Recommend hospital: 2.00 Stars
      Cohort Mean: 3.41 | Higher is Better
    - Nurse communication: 2.00 Stars
      Cohort Mean: 3.03 | Higher is Better",,"Rewrite the hospital information for a patient with no healthcare background. Use plain everyday language, short sentences, and explain unfamiliar terms simply. Preserve all numbers, comparisons, and performance meaning. Use contextual measures only as supporting information, not as indicators of performance. Use only the evidence provided.

Performance Evidence:
Facility: NORTHERN LIGHT EASTERN MAINE MEDICAL CENTER

Strengths:
  Timely and Effective Care
  Relative Performance: 0.06 SD from cohort

  Key Measures:
    - ED Time - Psychiatric Patients: 106.00 Minutes
      Cohort Mean: 319.04 | Lower is Better
    - Septic Shock 3-Hour Bundle: 87.00 Percent
      Cohort Mean: 71.21 | Higher is Better

Weaknesses:
  Patient Survey

  Key Measures:
    - Recommend hospital: 2.00 Stars
      Cohort Mean: 3.41 | Higher is Better
    - Nurse communication: 2.00 Stars
      Cohort Mean: 3.03 | Higher is Better

Narrative:",224,True,NORTHERN LIGHT EASTERN MAINE MEDICAL CENTER is a hospital that provides quality care. It has a low ED wait time and a high Septic Shock 3-Hour Bundle rate. The hospital has a low nurse communication score.
200033,NORTHERN LIGHT EASTERN MAINE MEDICAL CENTER,Executive Summary,1,"Facility: NORTHERN LIGHT EASTERN MAINE MEDICAL CENTER

Strengths:
  Timely and Effective Care
  Relative Performance: 0.06 SD from cohort

  Key Measures:
    - ED Time - Psychiatric Patients: 106.00 Minutes
      Cohort Mean: 319.04 | Lower is Better
    - Septic Shock 3-Hour Bundle: 87.00 Percent
      Cohort Mean: 71.21 | Higher is Better

Weaknesses:
  Patient Survey

  Key Measures:
    - Recommend hospital: 2.00 Stars
      Cohort Mean: 3.41 | Higher is Better
    - Nurse communication: 2.00 Stars
      Cohort Mean: 3.03 | Higher is Better",,"Rewrite the hospital information as a concise executive briefing for hospital leadership. Prioritize the strongest domain, major risks, and the most important benchmark comparisons. Preserve all quantitative evidence. Use contextual measures only as supporting information, not as indicators of performance. Use only the evidence provided.

Performance Evidence:
Facility: NORTHERN LIGHT EASTERN MAINE MEDICAL CENTER

Strengths:
  Timely and Effective Care
  Relative Performance: 0.06 SD from cohort

  Key Measures:
    - ED Time - Psychiatric Patients: 106.00 Minutes
      Cohort Mean: 319.04 | Lower is Better
    - Septic Shock 3-Hour Bundle: 87.00 Percent
      Cohort Mean: 71.21 | Higher is Better

Weaknesses:
  Patient Survey

  Key Measures:
    - Recommend hospital: 2.00 Stars
      Cohort Mean: 3.41 | Higher is Better
    - Nurse communication: 2.00 Stars
      Cohort Mean: 3.03 | Higher is Better

Narrative:",224,True,NORTHERN LIGHT EASTERN MAINE MEDICAL CENTER is a hospital with strengths in timely and effective care. The hospital has weaknesses in patient survey and nurse communication.
200033,NORTHERN LIGHT EASTERN MAINE MEDICAL CENTER,Clinical,1,"Facility: NORTHERN LIGHT EASTERN MAINE MEDICAL CENTER

Strengths:
  Timely and Effective Care
  Relative Performance: 0.06 SD from cohort

  Key Measures:
    - ED Time - Psychiatric Patients: 106.00 Minutes
      Cohort Mean: 319.04 | Lower is Better
    - Septic Shock 3-Hour Bundle: 87.00 Percent
      Cohort Mean: 71.21 | Higher is Better

Weaknesses:
  Patient Survey

  Key Measures:
    - Recommend hospital: 2.00 Stars
      Cohort Mean: 3.41 | Higher is Better
    - Nurse communication: 2.00 Stars
      Cohort Mean: 3.03 | Higher is Better","Context:
  Healthcare-Associated Infections
    - CLABSI (ICU + select Wards): 17212.0 Device Days
    - CLABSI (ICU + select Wards): 9.0 Cases","Rewrite the hospital information for healthcare professionals. Use appropriate clinical terminology, retain measure-specific detail, and report quantitative comparisons precisely. Do not infer causation or statistical significance. Use contextual measures only as supporting information, not as indicators of performance. Use only the evidence provided.

Performance Evidence:
Facility: NORTHERN LIGHT EASTERN MAINE MEDICAL CENTER

Strengths:
  Timely and Effective Care
  Relative Performance: 0.06 SD from cohort

  Key Measures:
    - ED Time - Psychiatric Patients: 106.00 Minutes
      Cohort Mean: 319.04 | Lower is Better
    - Septic Shock 3-Hour Bundle: 87.00 Percent
      Cohort Mean: 71.21 | Higher is Better

Weaknesses:
  Patient Survey

  Key Measures:
    - Recommend hospital: 2.00 Stars
      Cohort Mean: 3.41 | Higher is Better
    - Nurse communication: 2.00 Stars
      Cohort Mean: 3.03 | Higher is Better

Supporting Context:
Context:
  Healthcare-Associated Infections
    - CLABSI (ICU + select Wards): 17212.0 Device Days
    - CLABSI (ICU + select Wards): 9.0 Cases

Narrative:",274,True,Healthcare-Associated Infections - CLABSI (ICU + select Wards): 17212.0 Device Days - CLABSI (ICU + select Wards): 9.0 Cases
200033,NORTHERN LIGHT EASTERN MAINE MEDICAL CENTER,Community Report,1,"Facility: NORTHERN LIGHT EASTERN MAINE MEDICAL CENTER

Strengths:
  Timely and Effective Care
  Relative Performance: 0.06 SD from cohort

  Key Measures:
    - ED Time - Psychiatric Patients: 106.00 Minutes
      Cohort Mean: 319.04 | Lower is Better
    - Septic Shock 3-Hour Bundle: 87.00 Percent
      Cohort Mean: 71.21 | Higher is Better

Weaknesses:
  Patient Survey

  Key Measures:
    - Recommend hospital: 2.00 Stars
      Cohort Mean: 3.41 | Higher is Better
    - Nurse communication: 2.00 Stars
      Cohort Mean: 3.03 | Higher is Better",,"Rewrite the hospital information for a public community report. Use accessible, neutral language and explain the main strengths and weaknesses without technical detail. Preserve all important numerical facts. Use contextual measures only as supporting information, not as indicators of performance. Use only the evidence provided.

Performance Evidence:
Facility: NORTHERN LIGHT EASTERN MAINE MEDICAL CENTER

Strengths:
  Timely and Effective Care
  Relative Performance: 0.06 SD from cohort

  Key Measures:
    - ED Time - Psychiatric Patients: 106.00 Minutes
      Cohort Mean: 319.04 | Lower is Better
    - Septic Shock 3-Hour Bundle: 87.00 Percent
      Cohort Mean: 71.21 | Higher is Better

Weaknesses:
  Patient Survey

  Key Measures:
    - Recommend hospital: 2.00 Stars
      Cohort Mean: 3.41 | Higher is Better
    - Nurse communication: 2.00 Stars
      Cohort Mean: 3.03 | Higher is Better

Narrative:",219,True,NORTHERN LIGHT EASTERN MAINE MEDICAL CENTER is a hospital providing medical care in the Eastern Maine area. It has a high rate of timely and effective care. The hospital has a low rate of patient satisfaction.
500072,OLYMPIC MEDICAL CENTER,Patient Friendly,1,"Facility: OLYMPIC MEDICAL CENTER

Strengths:
  Patient Survey
  Relative Performance: 0.24 SD from cohort

  Key Measures:
    - Communication about medicines: 3.00 Stars
      Cohort Mean: 2.25 | Higher is Better
    - Nurse communication: 4.00 Stars
      Cohort Mean: 3.03 | Higher is Better

Weaknesses:
  Timely and Effective Care

  Key Measures:
    - Severe Sepsis 3-Hour Bundle: 64.00 Percent
      Cohort Mean: 79.54 | Higher is Better
    - ED Time - All Patients: 275.00 Minutes
      Cohort Mean: 196.20 | Lower is Better",,"Rewrite the hospital information for a patient with no healthcare background. Use plain everyday language, short sentences, and explain unfamiliar terms simply. Preserve all numbers, comparisons, and performance meaning. Use contextual measures only as supporting information, not as indicators of performance. Use only the evidence provided.

Performance Evidence:
Facility: OLYMPIC MEDICAL CENTER

Strengths:
  Patient Survey
  Relative Performance: 0.24 SD from cohort

  Key Measures:
    - Communication about medicines: 3.00 Stars
      Cohort Mean: 2.25 | Higher is Better
    - Nurse communication: 4.00 Stars
      Cohort Mean: 3.03 | Higher is Better

Weaknesses:
  Timely and Effective Care

  Key Measures:
    - Severe Sepsis 3-Hour Bundle: 64.00 Percent
      Cohort Mean: 79.54 | Higher is Better
    - ED Time - All Patients: 275.00 Minutes
      Cohort Mean: 196.20 | Lower is Better

Narrative:",211,True,The OLYMPIC MEDICAL CENTER is a hospital with a high patient satisfaction rating. The hospital has a low ED time and a high rate of severe sepsis.
500072,OLYMPIC MEDICAL CENTER,Executive Summary,1,"Facility: OLYMPIC MEDICAL CENTER

Strengths:
  Patient Survey
  Relative Performance: 0.24 SD from cohort

  Key Measures:
    - Communication about medicines: 3.00 Stars
      Cohort Mean: 2.25 | Higher is Better
    - Nurse communication: 4.00 Stars
      Cohort Mean: 3.03 | Higher is Better

Weaknesses:
  Timely and Effective Care

  Key Measures:
    - Severe Sepsis 3-Hour Bundle: 64.00 Percent
      Cohort Mean: 79.54 | Higher is Better
    - ED Time - All Patients: 275.00 Minutes
      Cohort Mean: 196.20 | Lower is Better",,"Rewrite the hospital information as a concise executive briefing for hospital leadership. Prioritize the strongest domain, major risks, and the most important benchmark comparisons. Preserve all quantitative evidence. Use contextual measures only as supporting information, not as indicators of performance. Use only the evidence provided.

Performance Evidence:
Facility: OLYMPIC MEDICAL CENTER

Strengths:
  Patient Survey
  Relative Performance: 0.24 SD from cohort

  Key Measures:
    - Communication about medicines: 3.00 Stars
      Cohort Mean: 2.25 | Higher is Better
    - Nurse communication: 4.00 Stars
      Cohort Mean: 3.03 | Higher is Better

Weaknesses:
  Timely and Effective Care

  Key Measures:
    - Severe Sepsis 3-Hour Bundle: 64.00 Percent
      Cohort Mean: 79.54 | Higher is Better
    - ED Time - All Patients: 275.00 Minutes
      Cohort Mean: 196.20 | Lower is Better

Narrative:",211,True,The OLYMPIC MEDICAL CENTER has a strong patient survey and a strong nurse communication. The hospital has a weak timely and effective care.
500072,OLYMPIC MEDICAL CENTER,Clinical,1,"Facility: OLYMPIC MEDICAL CENTER

Strengths:
  Patient Survey
  Relative Performance: 0.24 SD from cohort

  Key Measures:
    - Communication about medicines: 3.00 Stars
      Cohort Mean: 2.25 | Higher is Better
    - Nurse communication: 4.00 Stars
      Cohort Mean: 3.03 | Higher is Better

Weaknesses:
  Timely and Effective Care

  Key Measures:
    - Severe Sepsis 3-Hour Bundle: 64.00 Percent
      Cohort Mean: 79.54 | Higher is Better
    - ED Time - All Patients: 275.00 Minutes
      Cohort Mean: 196.20 | Lower is Better","Context:
  Healthcare-Associated Infections
    - CLABSI (ICU + select Wards): 1599.0 Device Days
    - CLABSI (ICU + select Wards): 1.0 Cases","Rewrite the hospital information for healthcare professionals. Use appropriate clinical terminology, retain measure-specific detail, and report quantitative comparisons precisely. Do not infer causation or statistical significance. Use contextual measures only as supporting information, not as indicators of performance. Use only the evidence provided.

Performance Evidence:
Facility: OLYMPIC MEDICAL CENTER

Strengths:
  Patient Survey
  Relative Performance: 0.24 SD from cohort

  Key Measures:
    - Communication about medicines: 3.00 Stars
      Cohort Mean: 2.25 | Higher is Better
    - Nurse communication: 4.00 Stars
      Cohort Mean: 3.03 | Higher is Better

Weaknesses:
  Timely and Effective Care

  Key Measures:
    - Severe Sepsis 3-Hour Bundle: 64.00 Percent
      Cohort Mean: 79.54 | Higher is Better
    - ED Time - All Patients: 275.00 Minutes
      Cohort Mean: 196.20 | Lower is Better

Supporting Context:
Context:
  Healthcare-Associated Infections
    - CLABSI (ICU + select Wards): 1599.0 Device Days
    - CLABSI (ICU + select Wards): 1.0 Cases

Narrative:",262,True,Healthcare-Associated Infections - CLABSI (ICU + select Wards): 1599.0 Device Days - CLABSI (ICU + select Wards): 1.0 Cases
500072,OLYMPIC MEDICAL CENTER,Community Report,1,"Facility: OLYMPIC MEDICAL CENTER

Strengths:
  Patient Survey
  Relative Performance: 0.24 SD from cohort

  Key Measures:
    - Communication about medicines: 3.00 Stars
      Cohort Mean: 2.25 | Higher is Better
    - Nurse communication: 4.00 Stars
      Cohort Mean: 3.03 | Higher is Better

Weaknesses:
  Timely and Effective Care

  Key Measures:
    - Severe Sepsis 3-Hour Bundle: 64.00 Percent
      Cohort Mean: 79.54 | Higher is Better
    - ED Time - All Patients: 275.00 Minutes
      Cohort Mean: 196.20 | Lower is Better",,"Rewrite the hospital information for a public community report. Use accessible, neutral language and explain the main strengths and weaknesses without technical detail. Preserve all important numerical facts. Use contextual measures only as supporting information, not as indicators of performance. Use only the evidence provided.

Performance Evidence:
Facility: OLYMPIC MEDICAL CENTER

Strengths:
  Patient Survey
  Relative Performance: 0.24 SD from cohort

  Key Measures:
    - Communication about medicines: 3.00 Stars
      Cohort Mean: 2.25 | Higher is Better
    - Nurse communication: 4.00 Stars
      Cohort Mean: 3.03 | Higher is Better

Weaknesses:
  Timely and Effective Care

  Key Measures:
    - Severe Sepsis 3-Hour Bundle: 64.00 Percent
      Cohort Mean: 79.54 | Higher is Better
    - ED Time - All Patients: 275.00 Minutes
      Cohort Mean: 196.20 | Lower is Better

Narrative:",206,True,OLYMPIC MEDICAL CENTER is a community hospital with a high level of patient satisfaction. The hospital has a high level of nurse communication and a high level of communication about medicines. The hospital has a low level of timely and effective care.
220046,BERKSHIRE MEDICAL CENTER,Patient Friendly,1,"Facility: BERKSHIRE MEDICAL CENTER

Strengths:
  Healthcare-Associated Infections
  Overall: Better than the National Benchmark
  Relative Performance: 0.55 SD from cohort

  Key Measures:
    - SSI (Colon Surgery): 0.00 Ratio (Observed/Predicted Cases)
      Cohort Mean: 0.83 | Lower is Better
    - CLABSI (ICU + select Wards): 0.16 Ratio (Observed/Predicted Cases)
      Cohort Mean: 0.55 | Lower is Better

Weaknesses:
  Patient Survey

  Key Measures:
    - Quietness: 1.00 Stars
      Cohort Mean: 2.78 | Higher is Better
    - Recommend hospital: 2.00 Stars
      Cohort Mean: 3.41 | Higher is Better",,"Rewrite the hospital information for a patient with no healthcare background. Use plain everyday language, short sentences, and explain unfamiliar terms simply. Preserve all numbers, comparisons, and performance meaning. Use contextual measures only as supporting information, not as indicators of performance. Use only the evidence provided.

Performance Evidence:
Facility: BERKSHIRE MEDICAL CENTER

Strengths:
  Healthcare-Associated Infections
  Overall: Better than the National Benchmark
  Relative Performance: 0.55 SD from cohort

  Key Measures:
    - SSI (Colon Surgery): 0.00 Ratio (Observed/Predicted Cases)
      Cohort Mean: 0.83 | Lower is Better
    - CLABSI (ICU + select Wards): 0.16 Ratio (Observed/Predicted Cases)
      Cohort Mean: 0.55 | Lower is Better

Weaknesses:
  Patient Survey

  Key Measures:
    - Quietness: 1.00 Stars
      Cohort Mean: 2.78 | Higher is Better
    - Recommend hospital: 2.00 Stars
      Cohort Mean: 3.41 | Higher is Better

Narrative:",246,True,The BERKSHIRE MEDICAL CENTER is a hospital that has a lower patient satisfaction rating than the national benchmark.
220046,BERKSHIRE MEDICAL CENTER,Executive Summary,1,"Facility: BERKSHIRE MEDICAL CENTER

Strengths:
  Healthcare-Associated Infections
  Overall: Better than the National Benchmark
  Relative Performance: 0.55 SD from cohort

  Key Measures:
    - SSI (Colon Surgery): 0.00 Ratio (Observed/Predicted Cases)
      Cohort Mean: 0.83 | Lower is Better
    - CLABSI (ICU + select Wards): 0.16 Ratio (Observed/Predicted Cases)
      Cohort Mean: 0.55 | Lower is Better

Weaknesses:
  Patient Survey

  Key Measures:
    - Quietness: 1.00 Stars
      Cohort Mean: 2.78 | Higher is Better
    - Recommend hospital: 2.00 Stars
      Cohort Mean: 3.41 | Higher is Better",,"Rewrite the hospital information as a concise executive briefing for hospital leadership. Prioritize the strongest domain, major risks, and the most important benchmark comparisons. Preserve all quantitative evidence. Use contextual measures only as supporting information, not as indicators of performance. Use only the evidence provided.

Performance Evidence:
Facility: BERKSHIRE MEDICAL CENTER

Strengths:
  Healthcare-Associated Infections
  Overall: Better than the National Benchmark
  Relative Performance: 0.55 SD from cohort

  Key Measures:
    - SSI (Colon Surgery): 0.00 Ratio (Observed/Predicted Cases)
      Cohort Mean: 0.83 | Lower is Better
    - CLABSI (ICU + select Wards): 0.16 Ratio (Observed/Predicted Cases)
      Cohort Mean: 0.55 | Lower is Better

Weaknesses:
  Patient Survey

  Key Measures:
    - Quietness: 1.00 Stars
      Cohort Mean: 2.78 | Higher is Better
    - Recommend hospital: 2.00 Stars
      Cohort Mean: 3.41 | Higher is Better

Narrative:",246,True,The facility at BERKSHIRE MEDICAL CENTER has a strong performance record in Healthcare-Associated Infections. The facility has a low patient survey score.
220046,BERKSHIRE MEDICAL CENTER,Clinical,1,"Facility: BERKSHIRE MEDICAL CENTER

Strengths:
  Healthcare-Associated Infections
  Overall: Better than the National Benchmark
  Relative Performance: 0.57 SD from cohort

  Key Measures:
    - CLABSI (ICU + select Wards): 0.16 Ratio (Observed/Predicted Cases)
      Cohort Mean: 0.55 | Lower is Better
    - CAUTI (ICU + select Wards): 0.32 Ratio (Observed/Predicted Cases)
      Cohort Mean: 0.50 | Lower is Better

Weaknesses:
  Patient Survey

  Key Measures:
    - Quietness: 1.00 Stars
      Cohort Mean: 2.78 | Higher is Better
    - Recommend hospital: 2.00 Stars
      Cohort Mean: 3.41 | Higher is Better","Context:
  Healthcare-Associated Infections
    - CLABSI (ICU + select Wards): 6031.0 Device Days
    - CLABSI (ICU + select Wards): 1.0 Cases","Rewrite the hospital information for healthcare professionals. Use appropriate clinical terminology, retain measure-specific detail, and report quantitative comparisons precisely. Do not infer causation or statistical significance. Use contextual measures only as supporting information, not as indicators of performance. Use only the evidence provided.

Performance Evidence:
Facility: BERKSHIRE MEDICAL CENTER

Strengths:
  Healthcare-Associated Infections
  Overall: Better than the National Benchmark
  Relative Performance: 0.57 SD from cohort

  Key Measures:
    - CLABSI (ICU + select Wards): 0.16 Ratio (Observed/Predicted Cases)
      Cohort Mean: 0.55 | Lower is Better
    - CAUTI (ICU + select Wards): 0.32 Ratio (Observed/Predicted Cases)
      Cohort Mean: 0.50 | Lower is Better

Weaknesses:
  Patient Survey

  Key Measures:
    - Quietness: 1.00 Stars
      Cohort Mean: 2.78 | Higher is Better
    - Recommend hospital: 2.00 Stars
      Cohort Mean: 3.41 | Higher is Better

Supporting Context:
Context:
  Healthcare-Associated Infections
    - CLABSI (ICU + select Wards): 6031.0 Device Days
    - CLABSI (ICU + select Wards): 1.0 Cases

Narrative:",299,True,CLABSI (ICU + select Wards): 6031.0 Device Days - CLABSI (ICU + select Wards): 1.0 Cases
220046,BERKSHIRE MEDICAL CENTER,Community Report,1,"Facility: BERKSHIRE MEDICAL CENTER

Strengths:
  Healthcare-Associated Infections
  Overall: Better than the National Benchmark
  Relative Performance: 0.55 SD from cohort

  Key Measures:
    - SSI (Colon Surgery): 0.00 Ratio (Observed/Predicted Cases)
      Cohort Mean: 0.83 | Lower is Better
    - CLABSI (ICU + select Wards): 0.16 Ratio (Observed/Predicted Cases)
      Cohort Mean: 0.55 | Lower is Better

Weaknesses:
  Patient Survey

  Key Measures:
    - Quietness: 1.00 Stars
      Cohort Mean: 2.78 | Higher is Better
    - Recommend hospital: 2.00 Stars
      Cohort Mean: 3.41 | Higher is Better",,"Rewrite the hospital information for a public community report. Use accessible, neutral language and explain the main strengths and weaknesses without technical detail. Preserve all important numerical facts. Use contextual measures only as supporting information, not as indicators of performance. Use only the evidence provided.

Performance Evidence:
Facility: BERKSHIRE MEDICAL CENTER

Strengths:
  Healthcare-Associated Infections
  Overall: Better than the National Benchmark
  Relative Performance: 0.55 SD from cohort

  Key Measures:
    - SSI (Colon Surgery): 0.00 Ratio (Observed/Predicted Cases)
      Cohort Mean: 0.83 | Lower is Better
    - CLABSI (ICU + select Wards): 0.16 Ratio (Observed/Predicted Cases)
      Cohort Mean: 0.55 | Lower is Better

Weaknesses:
  Patient Survey

  Key Measures:
    - Quietness: 1.00 Stars
      Cohort Mean: 2.78 | Higher is Better
    - Recommend hospital: 2.00 Stars
      Cohort Mean: 3.41 | Higher is Better

Narrative:",241,True,The BERKSHIRE MEDICAL CENTER has a better than the national benchmark in terms of Healthcare-Associated Infections.
360076,ATRIUM MEDICAL CENTER,Patient Friendly,1,"Facility: ATRIUM MEDICAL CENTER

Strengths:
  Timely and Effective Care
  Relative Performance: 0.80 SD from cohort

  Key Measures:
    - Septic Shock 3-Hour Bundle: 92.00 Percent
      Cohort Mean: 71.21 | Higher is Better
    - Severe Sepsis and Septic Shock Care: 78.00 Percent
      Cohort Mean: 62.75 | Higher is Better

Weaknesses:
  Patient Survey

  Key Measures:
    - Nurse communication: 2.00 Stars
      Cohort Mean: 3.03 | Higher is Better
    - Overall hospital rating: 2.00 Stars
      Cohort Mean: 2.99 | Higher is Better",,"Rewrite the hospital information for a patient with no healthcare background. Use plain everyday language, short sentences, and explain unfamiliar terms simply. Preserve all numbers, comparisons, and performance meaning. Use contextual measures only as supporting information, not as indicators of performance. Use only the evidence provided.

Performance Evidence:
Facility: ATRIUM MEDICAL CENTER

Strengths:
  Timely and Effective Care
  Relative Performance: 0.80 SD from cohort

  Key Measures:
    - Septic Shock 3-Hour Bundle: 92.00 Percent
      Cohort Mean: 71.21 | Higher is Better
    - Severe Sepsis and Septic Shock Care: 78.00 Percent
      Cohort Mean: 62.75 | Higher is Better

Weaknesses:
  Patient Survey

  Key Measures:
    - Nurse communication: 2.00 Stars
      Cohort Mean: 3.03 | Higher is Better
    - Overall hospital rating: 2.00 Stars
      Cohort Mean: 2.99 | Higher is Better

Narrative:",215,True,The ATRIUM MEDICAL CENTER is a hospital that provides timely and effective care. The hospital has a score of 0.80 SD from the cohort.
360076,ATRIUM MEDICAL CENTER,Executive Summary,1,"Facility: ATRIUM MEDICAL CENTER

Strengths:
  Timely and Effective Care
  Relative Performance: 0.80 SD from cohort

  Key Measures:
    - Septic Shock 3-Hour Bundle: 92.00 Percent
      Cohort Mean: 71.21 | Higher is Better
    - Severe Sepsis and Septic Shock Care: 78.00 Percent
      Cohort Mean: 62.75 | Higher is Better

Weaknesses:
  Patient Survey

  Key Measures:
    - Nurse communication: 2.00 Stars
      Cohort Mean: 3.03 | Higher is Better
    - Overall hospital rating: 2.00 Stars
      Cohort Mean: 2.99 | Higher is Better",,"Rewrite the hospital information as a concise executive briefing for hospital leadership. Prioritize the strongest domain, major risks, and the most important benchmark comparisons. Preserve all quantitative evidence. Use contextual measures only as supporting information, not as indicators of performance. Use only the evidence provided.

Performance Evidence:
Facility: ATRIUM MEDICAL CENTER

Strengths:
  Timely and Effective Care
  Relative Performance: 0.80 SD from cohort

  Key Measures:
    - Septic Shock 3-Hour Bundle: 92.00 Percent
      Cohort Mean: 71.21 | Higher is Better
    - Severe Sepsis and Septic Shock Care: 78.00 Percent
      Cohort Mean: 62.75 | Higher is Better

Weaknesses:
  Patient Survey

  Key Measures:
    - Nurse communication: 2.00 Stars
      Cohort Mean: 3.03 | Higher is Better
    - Overall hospital rating: 2.00 Stars
      Cohort Mean: 2.99 | Higher is Better

Narrative:",215,True,ATRIUM MEDICAL CENTER has a strong focus on timely and effective care. The hospital has a weak focus on patient satisfaction.
360076,ATRIUM MEDICAL CENTER,Clinical,1,"Facility: ATRIUM MEDICAL CENTER

Strengths:
  Timely and Effective Care
  Relative Performance: 0.80 SD from cohort

  Key Measures:
    - Septic Shock 3-Hour Bundle: 92.00 Percent
      Cohort Mean: 71.21 | Higher is Better
    - Severe Sepsis and Septic Shock Care: 78.00 Percent
      Cohort Mean: 62.75 | Higher is Better

Weaknesses:
  Patient Survey

  Key Measures:
    - Nurse communication: 2.00 Stars
      Cohort Mean: 3.03 | Higher is Better
    - Overall hospital rating: 2.00 Stars
      Cohort Mean: 2.99 | Higher is Better","Context:
  Healthcare-Associated Infections
    - CLABSI (ICU + select Wards): 4067.0 Device Days
    - CLABSI (ICU + select Wards): 1.0 Cases","Rewrite the hospital information for healthcare professionals. Use appropriate clinical terminology, retain measure-specific detail, and report quantitative comparisons precisely. Do not infer causation or statistical significance. Use contextual measures only as supporting information, not as indicators of performance. Use only the evidence provided.

Performance Evidence:
Facility: ATRIUM MEDICAL CENTER

Strengths:
  Timely and Effective Care
  Relative Performance: 0.80 SD from cohort

  Key Measures:
    - Septic Shock 3-Hour Bundle: 92.00 Percent
      Cohort Mean: 71.21 | Higher is Better
    - Severe Sepsis and Septic Shock Care: 78.00 Percent
      Cohort Mean: 62.75 | Higher is Better

Weaknesses:
  Patient Survey

  Key Measures:
    - Nurse communication: 2.00 Stars
      Cohort Mean: 3.03 | Higher is Better
    - Overall hospital rating: 2.00 Stars
      Cohort Mean: 2.99 | Higher is Better

Supporting Context:
Context:
  Healthcare-Associated Infections
    - CLABSI (ICU + select Wards): 4067.0 Device Days
    - CLABSI (ICU + select Wards): 1.0 Cases

Narrative:",265,True,Healthcare-Associated Infections - CLABSI (ICU + select Wards): 4067.0 Device Days - CLABSI (ICU + select Wards): 1.0 Cases
360076,ATRIUM MEDICAL CENTER,Community Report,1,"Facility: ATRIUM MEDICAL CENTER

Strengths:
  Timely and Effective Care
  Relative Performance: 0.80 SD from cohort

  Key Measures:
    - Septic Shock 3-Hour Bundle: 92.00 Percent
      Cohort Mean: 71.21 | Higher is Better
    - Severe Sepsis and Septic Shock Care: 78.00 Percent
      Cohort Mean: 62.75 | Higher is Better

Weaknesses:
  Patient Survey

  Key Measures:
    - Nurse communication: 2.00 Stars
      Cohort Mean: 3.03 | Higher is Better
    - Overall hospital rating: 2.00 Stars
      Cohort Mean: 2.99 | Higher is Better",,"Rewrite the hospital information for a public community report. Use accessible, neutral language and explain the main strengths and weaknesses without technical detail. Preserve all important numerical facts. Use contextual measures only as supporting information, not as indicators of performance. Use only the evidence provided.

Performance Evidence:
Facility: ATRIUM MEDICAL CENTER

Strengths:
  Timely and Effective Care
  Relative Performance: 0.80 SD from cohort

  Key Measures:
    - Septic Shock 3-Hour Bundle: 92.00 Percent
      Cohort Mean: 71.21 | Higher is Better
    - Severe Sepsis and Septic Shock Care: 78.00 Percent
      Cohort Mean: 62.75 | Higher is Better

Weaknesses:
  Patient Survey

  Key Measures:
    - Nurse communication: 2.00 Stars
      Cohort Mean: 3.03 | Higher is Better
    - Overall hospital rating: 2.00 Stars
      Cohort Mean: 2.99 | Higher is Better

Narrative:",210,True,The ATRIUM MEDICAL CENTER is a hospital that provides timely and effective care. The hospital has a score of 0.80 SD from the cohort.
390145,EXCELA HEALTH WESTMORELAND REGIONAL HOSPITAL,Patient Friendly,1,"Facility: EXCELA HEALTH WESTMORELAND REGIONAL HOSPITAL

Strengths:
  Timely and Effective Care
  Relative Performance: 0.18 SD from cohort

  Key Measures:
    - ED Time - Transfer Patients: 214.00 Minutes
      Cohort Mean: 357.59 | Lower is Better
    - Head CT Results Within 45 Minutes: 83.00 Percent
      Cohort Mean: 71.46 | Higher is Better

Weaknesses:
  Patient Survey

  Key Measures:
    - Cleanliness: 1.00 Stars
      Cohort Mean: 3.00 | Higher is Better
    - Doctor communication: 2.00 Stars
      Cohort Mean: 2.97 | Higher is Better",,"Rewrite the hospital information for a patient with no healthcare background. Use plain everyday language, short sentences, and explain unfamiliar terms simply. Preserve all numbers, comparisons, and performance meaning. Use contextual measures only as supporting information, not as indicators of performance. Use only the evidence provided.

Performance Evidence:
Facility: EXCELA HEALTH WESTMORELAND REGIONAL HOSPITAL

Strengths:
  Timely and Effective Care
  Relative Performance: 0.18 SD from cohort

  Key Measures:
    - ED Time - Transfer Patients: 214.00 Minutes
      Cohort Mean: 357.59 | Lower is Better
    - Head CT Results Within 45 Minutes: 83.00 Percent
      Cohort Mean: 71.46 | Higher is Better

Weaknesses:
  Patient Survey

  Key Measures:
    - Cleanliness: 1.00 Stars
      Cohort Mean: 3.00 | Higher is Better
    - Doctor communication: 2.00 Stars
      Cohort Mean: 2.97 | Higher is Better

Narrative:",217,True,The EXCELA HEALTH WESTMORELAND REGIONAL HOSPITAL is a hospital that provides quality care. The hospital has a low ED wait time and a high rate of head CT results within 45 minutes. The hospital has a low doctor communication rate.
390145,EXCELA HEALTH WESTMORELAND REGIONAL HOSPITAL,Executive Summary,1,"Facility: EXCELA HEALTH WESTMORELAND REGIONAL HOSPITAL

Strengths:
  Timely and Effective Care
  Relative Performance: 0.18 SD from cohort

  Key Measures:
    - ED Time - Transfer Patients: 214.00 Minutes
      Cohort Mean: 357.59 | Lower is Better
    - Head CT Results Within 45 Minutes: 83.00 Percent
      Cohort Mean: 71.46 | Higher is Better

Weaknesses:
  Patient Survey

  Key Measures:
    - Cleanliness: 1.00 Stars
      Cohort Mean: 3.00 | Higher is Better
    - Doctor communication: 2.00 Stars
      Cohort Mean: 2.97 | Higher is Better",,"Rewrite the hospital information as a concise executive briefing for hospital leadership. Prioritize the strongest domain, major risks, and the most important benchmark comparisons. Preserve all quantitative evidence. Use contextual measures only as supporting information, not as indicators of performance. Use only the evidence provided.

Performance Evidence:
Facility: EXCELA HEALTH WESTMORELAND REGIONAL HOSPITAL

Strengths:
  Timely and Effective Care
  Relative Performance: 0.18 SD from cohort

  Key Measures:
    - ED Time - Transfer Patients: 214.00 Minutes
      Cohort Mean: 357.59 | Lower is Better
    - Head CT Results Within 45 Minutes: 83.00 Percent
      Cohort Mean: 71.46 | Higher is Better

Weaknesses:
  Patient Survey

  Key Measures:
    - Cleanliness: 1.00 Stars
      Cohort Mean: 3.00 | Higher is Better
    - Doctor communication: 2.00 Stars
      Cohort Mean: 2.97 | Higher is Better

Narrative:",217,True,The EXCELA HEALTH WESTMORELAND REGIONAL HOSPITAL is a hospital with strengths in timely and effective care and weaknesses in patient satisfaction.
390145,EXCELA HEALTH WESTMORELAND REGIONAL HOSPITAL,Clinical,1,"Facility: EXCELA HEALTH WESTMORELAND REGIONAL HOSPITAL

Strengths:
  Healthcare-Associated Infections
  Overall: Better than the National Benchmark
  Relative Performance: 0.75 SD from cohort

  Key Measures:
    - CAUTI (ICU + select Wards): 0.13 Ratio (Observed/Predicted Cases)
      Cohort Mean: 0.50 | Lower is Better
    - CLABSI (ICU + select Wards): 0.20 Ratio (Observed/Predicted Cases)
      Cohort Mean: 0.55 | Lower is Better

Weaknesses:
  Patient Survey

  Key Measures:
    - Cleanliness: 1.00 Stars
      Cohort Mean: 3.00 | Higher is Better
    - Doctor communication: 2.00 Stars
      Cohort Mean: 2.97 | Higher is Better","Context:
  Healthcare-Associated Infections
    - CLABSI (ICU + select Wards): 4595.0 Device Days
    - CLABSI (ICU + select Wards): 1.0 Cases","Rewrite the hospital information for healthcare professionals. Use appropriate clinical terminology, retain measure-specific detail, and report quantitative comparisons precisely. Do not infer causation or statistical significance. Use contextual measures only as supporting information, not as indicators of performance. Use only the evidence provided.

Performance Evidence:
Facility: EXCELA HEALTH WESTMORELAND REGIONAL HOSPITAL

Strengths:
  Healthcare-Associated Infections
  Overall: Better than the National Benchmark
  Relative Performance: 0.75 SD from cohort

  Key Measures:
    - CAUTI (ICU + select Wards): 0.13 Ratio (Observed/Predicted Cases)
      Cohort Mean: 0.50 | Lower is Better
    - CLABSI (ICU + select Wards): 0.20 Ratio (Observed/Predicted Cases)
      Cohort Mean: 0.55 | Lower is Better

Weaknesses:
  Patient Survey

  Key Measures:
    - Cleanliness: 1.00 Stars
      Cohort Mean: 3.00 | Higher is Better
    - Doctor communication: 2.00 Stars
      Cohort Mean: 2.97 | Higher is Better

Supporting Context:
Context:
  Healthcare-Associated Infections
    - CLABSI (ICU + select Wards): 4595.0 Device Days
    - CLABSI (ICU + select Wards): 1.0 Cases

Narrative:",304,True,Healthcare-Associated Infections - CLABSI (ICU + select Wards): 4595.0 Device Days - CLABSI (ICU + select Wards): 1.0 Cases
390145,EXCELA HEALTH WESTMORELAND REGIONAL HOSPITAL,Community Report,1,"Facility: EXCELA HEALTH WESTMORELAND REGIONAL HOSPITAL

Strengths:
  Timely and Effective Care
  Relative Performance: 0.18 SD from cohort

  Key Measures:
    - ED Time - Transfer Patients: 214.00 Minutes
      Cohort Mean: 357.59 | Lower is Better
    - Head CT Results Within 45 Minutes: 83.00 Percent
      Cohort Mean: 71.46 | Higher is Better

Weaknesses:
  Patient Survey

  Key Measures:
    - Cleanliness: 1.00 Stars
      Cohort Mean: 3.00 | Higher is Better
    - Doctor communication: 2.00 Stars
      Cohort Mean: 2.97 | Higher is Better",,"Rewrite the hospital information for a public community report. Use accessible, neutral language and explain the main strengths and weaknesses without technical detail. Preserve all important numerical facts. Use contextual measures only as supporting information, not as indicators of performance. Use only the evidence provided.

Performance Evidence:
Facility: EXCELA HEALTH WESTMORELAND REGIONAL HOSPITAL

Strengths:
  Timely and Effective Care
  Relative Performance: 0.18 SD from cohort

  Key Measures:
    - ED Time - Transfer Patients: 214.00 Minutes
      Cohort Mean: 357.59 | Lower is Better
    - Head CT Results Within 45 Minutes: 83.00 Percent
      Cohort Mean: 71.46 | Higher is Better

Weaknesses:
  Patient Survey

  Key Measures:
    - Cleanliness: 1.00 Stars
      Cohort Mean: 3.00 | Higher is Better
    - Doctor communication: 2.00 Stars
      Cohort Mean: 2.97 | Higher is Better

Narrative:",212,True,The EXCELA HEALTH WESTMORELAND REGIONAL HOSPITAL is a community hospital with a high level of patient satisfaction.
050498,SUTTER AUBURN FAITH HOSPITAL,Patient Friendly,1,"Facility: SUTTER AUBURN FAITH HOSPITAL

Strengths:
  Healthcare-Associated Infections
  Overall: No Different than National Benchmark
  Relative Performance: 1.19 SD from cohort

  Key Measures:
    - Clostridium Difficile: 0.00 Ratio (Observed/Predicted Cases)
      Cohort Mean: 0.34 | Lower is Better
    - SSI (Colon Surgery): 0.00 Ratio (Observed/Predicted Cases)
      Cohort Mean: 0.83 | Lower is Better

Weaknesses:
  Timely and Effective Care

  Key Measures:
    - ED Time - Transfer Patients: 436.00 Minutes
      Cohort Mean: 357.59 | Lower is Better
    - Septic Shock 6-Hour Bundle: 83.00 Percent
      Cohort Mean: 85.81 | Higher is Better",,"Rewrite the hospital information for a patient with no healthcare background. Use plain everyday language, short sentences, and explain unfamiliar terms simply. Preserve all numbers, comparisons, and performance meaning. Use contextual measures only as supporting information, not as indicators of performance. Use only the evidence provided.

Performance Evidence:
Facility: SUTTER AUBURN FAITH HOSPITAL

Strengths:
  Healthcare-Associated Infections
  Overall: No Different than National Benchmark
  Relative Performance: 1.19 SD from cohort

  Key Measures:
    - Clostridium Difficile: 0.00 Ratio (Observed/Predicted Cases)
      Cohort Mean: 0.34 | Lower is Better
    - SSI (Colon Surgery): 0.00 Ratio (Observed/Predicted Cases)
      Cohort Mean: 0.83 | Lower is Better

Weaknesses:
  Timely and Effective Care

  Key Measures:
    - ED Time - Transfer Patients: 436.00 Minutes
      Cohort Mean: 357.59 | Lower is Better
    - Septic Shock 6-Hour Bundle: 83.00 Percent
      Cohort Mean: 85.81 | Higher is Better

Narrative:",260,True,"The SUTTER AUBURN FAITH HOSPITAL has a low number of Healthcare-Associated Infections, but a high number of Healthcare-Associated Infections. The hospital has a low ED time and a high number of Septic Shock 6-Hour Bundles."
050498,SUTTER AUBURN FAITH HOSPITAL,Executive Summary,1,"Facility: SUTTER AUBURN FAITH HOSPITAL

Strengths:
  Healthcare-Associated Infections
  Overall: No Different than National Benchmark
  Relative Performance: 1.19 SD from cohort

  Key Measures:
    - Clostridium Difficile: 0.00 Ratio (Observed/Predicted Cases)
      Cohort Mean: 0.34 | Lower is Better
    - SSI (Colon Surgery): 0.00 Ratio (Observed/Predicted Cases)
      Cohort Mean: 0.83 | Lower is Better

Weaknesses:
  Timely and Effective Care

  Key Measures:
    - ED Time - Transfer Patients: 436.00 Minutes
      Cohort Mean: 357.59 | Lower is Better
    - Septic Shock 6-Hour Bundle: 83.00 Percent
      Cohort Mean: 85.81 | Higher is Better",,"Rewrite the hospital information as a concise executive briefing for hospital leadership. Prioritize the strongest domain, major risks, and the most important benchmark comparisons. Preserve all quantitative evidence. Use contextual measures only as supporting information, not as indicators of performance. Use only the evidence provided.

Performance Evidence:
Facility: SUTTER AUBURN FAITH HOSPITAL

Strengths:
  Healthcare-Associated Infections
  Overall: No Different than National Benchmark
  Relative Performance: 1.19 SD from cohort

  Key Measures:
    - Clostridium Difficile: 0.00 Ratio (Observed/Predicted Cases)
      Cohort Mean: 0.34 | Lower is Better
    - SSI (Colon Surgery): 0.00 Ratio (Observed/Predicted Cases)
      Cohort Mean: 0.83 | Lower is Better

Weaknesses:
  Timely and Effective Care

  Key Measures:
    - ED Time - Transfer Patients: 436.00 Minutes
      Cohort Mean: 357.59 | Lower is Better
    - Septic Shock 6-Hour Bundle: 83.00 Percent
      Cohort Mean: 85.81 | Higher is Better

Narrative:",260,True,SUTTER AUBURN FAITH HOSPITAL has a strong focus on Healthcare-Associated Infections. The hospital has a strong focus on Healthcare-Associated Infections. The hospital has a weak focus on timely and effective care.
050498,SUTTER AUBURN FAITH HOSPITAL,Clinical,1,"Facility: SUTTER AUBURN FAITH HOSPITAL

Strengths:
  Patient Survey
  Relative Performance: 1.14 SD from cohort

  Key Measures:
    - Communication about medicines: 4.00 Stars
      Cohort Mean: 2.25 | Higher is Better
    - Recommend hospital: 5.00 Stars
      Cohort Mean: 3.41 | Higher is Better

Weaknesses:
  Timely and Effective Care

  Key Measures:
    - ED Time - Transfer Patients: 436.00 Minutes
      Cohort Mean: 357.59 | Lower is Better
    - Septic Shock 6-Hour Bundle: 83.00 Percent
      Cohort Mean: 85.81 | Higher is Better","Context:
  Healthcare-Associated Infections
    - CLABSI (ICU + select Wards): 1852.0 Device Days
    - CLABSI (ICU + select Wards): 0.0 Cases","Rewrite the hospital information for healthcare professionals. Use appropriate clinical terminology, retain measure-specific detail, and report quantitative comparisons precisely. Do not infer causation or statistical significance. Use contextual measures only as supporting information, not as indicators of performance. Use only the evidence provided.

Performance Evidence:
Facility: SUTTER AUBURN FAITH HOSPITAL

Strengths:
  Patient Survey
  Relative Performance: 1.14 SD from cohort

  Key Measures:
    - Communication about medicines: 4.00 Stars
      Cohort Mean: 2.25 | Higher is Better
    - Recommend hospital: 5.00 Stars
      Cohort Mean: 3.41 | Higher is Better

Weaknesses:
  Timely and Effective Care

  Key Measures:
    - ED Time - Transfer Patients: 436.00 Minutes
      Cohort Mean: 357.59 | Lower is Better
    - Septic Shock 6-Hour Bundle: 83.00 Percent
      Cohort Mean: 85.81 | Higher is Better

Supporting Context:
Context:
  Healthcare-Associated Infections
    - CLABSI (ICU + select Wards): 1852.0 Device Days
    - CLABSI (ICU + select Wards): 0.0 Cases

Narrative:",266,True,Healthcare-Associated Infections - CLABSI (ICU + select wards): 1852 Device Days - CLABSI (ICU + select wards): 0.0 Cases
050498,SUTTER AUBURN FAITH HOSPITAL,Community Report,1,"Facility: SUTTER AUBURN FAITH HOSPITAL

Strengths:
  Healthcare-Associated Infections
  Overall: No Different than National Benchmark
  Relative Performance: 1.19 SD from cohort

  Key Measures:
    - Clostridium Difficile: 0.00 Ratio (Observed/Predicted Cases)
      Cohort Mean: 0.34 | Lower is Better
    - SSI (Colon Surgery): 0.00 Ratio (Observed/Predicted Cases)
      Cohort Mean: 0.83 | Lower is Better

Weaknesses:
  Timely and Effective Care

  Key Measures:
    - ED Time - Transfer Patients: 436.00 Minutes
      Cohort Mean: 357.59 | Lower is Better
    - Septic Shock 6-Hour Bundle: 83.00 Percent
      Cohort Mean: 85.81 | Higher is Better",,"Rewrite the hospital information for a public community report. Use accessible, neutral language and explain the main strengths and weaknesses without technical detail. Preserve all important numerical facts. Use contextual measures only as supporting information, not as indicators of performance. Use only the evidence provided.

Performance Evidence:
Facility: SUTTER AUBURN FAITH HOSPITAL

Strengths:
  Healthcare-Associated Infections
  Overall: No Different than National Benchmark
  Relative Performance: 1.19 SD from cohort

  Key Measures:
    - Clostridium Difficile: 0.00 Ratio (Observed/Predicted Cases)
      Cohort Mean: 0.34 | Lower is Better
    - SSI (Colon Surgery): 0.00 Ratio (Observed/Predicted Cases)
      Cohort Mean: 0.83 | Lower is Better

Weaknesses:
  Timely and Effective Care

  Key Measures:
    - ED Time - Transfer Patients: 436.00 Minutes
      Cohort Mean: 357.59 | Lower is Better
    - Septic Shock 6-Hour Bundle: 83.00 Percent
      Cohort Mean: 85.81 | Higher is Better

Narrative:",255,True,The SUTTER AUBURN FAITH HOSPITAL has a high rate of Healthcare-Associated Infections. The hospital has a low rate of timely and effective care.
490107,RESTON HOSPITAL CENTER,Patient Friendly,1,"Facility: RESTON HOSPITAL CENTER

Strengths:
  Healthcare-Associated Infections
  Overall: No Different than National Benchmark
  Relative Performance: 0.41 SD from cohort

  Key Measures:
    - MRSA Bacteremia: 0.00 Ratio (Observed/Predicted Cases)
      Cohort Mean: 0.69 | Lower is Better
    - Clostridium Difficile: 0.18 Ratio (Observed/Predicted Cases)
      Cohort Mean: 0.34 | Lower is Better

Weaknesses:
  Patient Survey

  Key Measures:
    - Discharge information: 2.00 Stars
      Cohort Mean: 3.10 | Higher is Better
    - Nurse communication: 2.00 Stars
      Cohort Mean: 3.03 | Higher is Better",,"Rewrite the hospital information for a patient with no healthcare background. Use plain everyday language, short sentences, and explain unfamiliar terms simply. Preserve all numbers, comparisons, and performance meaning. Use contextual measures only as supporting information, not as indicators of performance. Use only the evidence provided.

Performance Evidence:
Facility: RESTON HOSPITAL CENTER

Strengths:
  Healthcare-Associated Infections
  Overall: No Different than National Benchmark
  Relative Performance: 0.41 SD from cohort

  Key Measures:
    - MRSA Bacteremia: 0.00 Ratio (Observed/Predicted Cases)
      Cohort Mean: 0.69 | Lower is Better
    - Clostridium Difficile: 0.18 Ratio (Observed/Predicted Cases)
      Cohort Mean: 0.34 | Lower is Better

Weaknesses:
  Patient Survey

  Key Measures:
    - Discharge information: 2.00 Stars
      Cohort Mean: 3.10 | Higher is Better
    - Nurse communication: 2.00 Stars
      Cohort Mean: 3.03 | Higher is Better

Narrative:",234,True,The Reson Hospital Center has a low number of Healthcare-Associated Infections.
490107,RESTON HOSPITAL CENTER,Executive Summary,1,"Facility: RESTON HOSPITAL CENTER

Strengths:
  Healthcare-Associated Infections
  Overall: No Different than National Benchmark
  Relative Performance: 0.41 SD from cohort

  Key Measures:
    - MRSA Bacteremia: 0.00 Ratio (Observed/Predicted Cases)
      Cohort Mean: 0.69 | Lower is Better
    - Clostridium Difficile: 0.18 Ratio (Observed/Predicted Cases)
      Cohort Mean: 0.34 | Lower is Better

Weaknesses:
  Patient Survey

  Key Measures:
    - Discharge information: 2.00 Stars
      Cohort Mean: 3.10 | Higher is Better
    - Nurse communication: 2.00 Stars
      Cohort Mean: 3.03 | Higher is Better",,"Rewrite the hospital information as a concise executive briefing for hospital leadership. Prioritize the strongest domain, major risks, and the most important benchmark comparisons. Preserve all quantitative evidence. Use contextual measures only as supporting information, not as indicators of performance. Use only the evidence provided.

Performance Evidence:
Facility: RESTON HOSPITAL CENTER

Strengths:
  Healthcare-Associated Infections
  Overall: No Different than National Benchmark
  Relative Performance: 0.41 SD from cohort

  Key Measures:
    - MRSA Bacteremia: 0.00 Ratio (Observed/Predicted Cases)
      Cohort Mean: 0.69 | Lower is Better
    - Clostridium Difficile: 0.18 Ratio (Observed/Predicted Cases)
      Cohort Mean: 0.34 | Lower is Better

Weaknesses:
  Patient Survey

  Key Measures:
    - Discharge information: 2.00 Stars
      Cohort Mean: 3.10 | Higher is Better
    - Nurse communication: 2.00 Stars
      Cohort Mean: 3.03 | Higher is Better

Narrative:",234,True,RESTON HOSPITAL CENTER is a hospital with a high number of Healthcare-Associated Infections (HAIs) and a low number of Healthcare-Associated Infections (HAIs). The hospital has a high number of Healthcare-Associated Infections (HAIs) and a low number of Healthcare-Associated Infections (HAIs).
490107,RESTON HOSPITAL CENTER,Clinical,1,"Facility: RESTON HOSPITAL CENTER

Strengths:
  Healthcare-Associated Infections
  Overall: No Different than National Benchmark
  Relative Performance: 0.36 SD from cohort

  Key Measures:
    - CLABSI (ICU + select Wards): 0.36 Ratio (Observed/Predicted Cases)
      Cohort Mean: 0.55 | Lower is Better
    - CAUTI (ICU + select Wards): 0.34 Ratio (Observed/Predicted Cases)
      Cohort Mean: 0.50 | Lower is Better

Weaknesses:
  Patient Survey

  Key Measures:
    - Discharge information: 2.00 Stars
      Cohort Mean: 3.10 | Higher is Better
    - Nurse communication: 2.00 Stars
      Cohort Mean: 3.03 | Higher is Better","Context:
  Healthcare-Associated Infections
    - CLABSI (ICU + select Wards): 2423.0 Device Days
    - CLABSI (ICU + select Wards): 1.0 Cases","Rewrite the hospital information for healthcare professionals. Use appropriate clinical terminology, retain measure-specific detail, and report quantitative comparisons precisely. Do not infer causation or statistical significance. Use contextual measures only as supporting information, not as indicators of performance. Use only the evidence provided.

Performance Evidence:
Facility: RESTON HOSPITAL CENTER

Strengths:
  Healthcare-Associated Infections
  Overall: No Different than National Benchmark
  Relative Performance: 0.36 SD from cohort

  Key Measures:
    - CLABSI (ICU + select Wards): 0.36 Ratio (Observed/Predicted Cases)
      Cohort Mean: 0.55 | Lower is Better
    - CAUTI (ICU + select Wards): 0.34 Ratio (Observed/Predicted Cases)
      Cohort Mean: 0.50 | Lower is Better

Weaknesses:
  Patient Survey

  Key Measures:
    - Discharge information: 2.00 Stars
      Cohort Mean: 3.10 | Higher is Better
    - Nurse communication: 2.00 Stars
      Cohort Mean: 3.03 | Higher is Better

Supporting Context:
Context:
  Healthcare-Associated Infections
    - CLABSI (ICU + select Wards): 2423.0 Device Days
    - CLABSI (ICU + select Wards): 1.0 Cases

Narrative:",295,True,Healthcare-Associated Infections - CLABSI (ICU + select Wards): 2423.0 Device Days - CLABSI (ICU + select Wards): 1.0 Cases
490107,RESTON HOSPITAL CENTER,Community Report,1,"Facility: RESTON HOSPITAL CENTER

Strengths:
  Healthcare-Associated Infections
  Overall: No Different than National Benchmark
  Relative Performance: 0.41 SD from cohort

  Key Measures:
    - MRSA Bacteremia: 0.00 Ratio (Observed/Predicted Cases)
      Cohort Mean: 0.69 | Lower is Better
    - Clostridium Difficile: 0.18 Ratio (Observed/Predicted Cases)
      Cohort Mean: 0.34 | Lower is Better

Weaknesses:
  Patient Survey

  Key Measures:
    - Discharge information: 2.00 Stars
      Cohort Mean: 3.10 | Higher is Better
    - Nurse communication: 2.00 Stars
      Cohort Mean: 3.03 | Higher is Better",,"Rewrite the hospital information for a public community report. Use accessible, neutral language and explain the main strengths and weaknesses without technical detail. Preserve all important numerical facts. Use contextual measures only as supporting information, not as indicators of performance. Use only the evidence provided.

Performance Evidence:
Facility: RESTON HOSPITAL CENTER

Strengths:
  Healthcare-Associated Infections
  Overall: No Different than National Benchmark
  Relative Performance: 0.41 SD from cohort

  Key Measures:
    - MRSA Bacteremia: 0.00 Ratio (Observed/Predicted Cases)
      Cohort Mean: 0.69 | Lower is Better
    - Clostridium Difficile: 0.18 Ratio (Observed/Predicted Cases)
      Cohort Mean: 0.34 | Lower is Better

Weaknesses:
  Patient Survey

  Key Measures:
    - Discharge information: 2.00 Stars
      Cohort Mean: 3.10 | Higher is Better
    - Nurse communication: 2.00 Stars
      Cohort Mean: 3.03 | Higher is Better

Narrative:",229,True,The Reson Hospital Center has a low number of Healthcare-Associated Infections.
240075,ESSENTIA HEALTH ST JOSEPH'S MEDICAL CENTER,Patient Friendly,1,"Facility: ESSENTIA HEALTH ST JOSEPH'S MEDICAL CENTER

Strengths:
  Healthcare-Associated Infections
  Overall: No Different than National Benchmark
  Relative Performance: 0.86 SD from cohort

  Key Measures:
    - CLABSI (ICU + select Wards): 0.00 Ratio (Observed/Predicted Cases)
      Cohort Mean: 0.55 | Lower is Better
    - CAUTI (ICU + select Wards): 0.00 Ratio (Observed/Predicted Cases)
      Cohort Mean: 0.50 | Lower is Better

Weaknesses:
  Patient Survey

  Key Measures:
    - Cleanliness: 2.00 Stars
      Cohort Mean: 3.00 | Higher is Better
    - Recommend hospital: 3.00 Stars
      Cohort Mean: 3.41 | Higher is Better",,"Rewrite the hospital information for a patient with no healthcare background. Use plain everyday language, short sentences, and explain unfamiliar terms simply. Preserve all numbers, comparisons, and performance meaning. Use contextual measures only as supporting information, not as indicators of performance. Use only the evidence provided.

Performance Evidence:
Facility: ESSENTIA HEALTH ST JOSEPH'S MEDICAL CENTER

Strengths:
  Healthcare-Associated Infections
  Overall: No Different than National Benchmark
  Relative Performance: 0.86 SD from cohort

  Key Measures:
    - CLABSI (ICU + select Wards): 0.00 Ratio (Observed/Predicted Cases)
      Cohort Mean: 0.55 | Lower is Better
    - CAUTI (ICU + select Wards): 0.00 Ratio (Observed/Predicted Cases)
      Cohort Mean: 0.50 | Lower is Better

Weaknesses:
  Patient Survey

  Key Measures:
    - Cleanliness: 2.00 Stars
      Cohort Mean: 3.00 | Higher is Better
    - Recommend hospital: 3.00 Stars
      Cohort Mean: 3.41 | Higher is Better

Narrative:",258,True,The hospital ESSENTIA HEALTH ST JOSEPH'S MEDICAL CENTER has a high score on cleanliness and a low score on patient satisfaction.
240075,ESSENTIA HEALTH ST JOSEPH'S MEDICAL CENTER,Executive Summary,1,"Facility: ESSENTIA HEALTH ST JOSEPH'S MEDICAL CENTER

Strengths:
  Healthcare-Associated Infections
  Overall: No Different than National Benchmark
  Relative Performance: 0.86 SD from cohort

  Key Measures:
    - CLABSI (ICU + select Wards): 0.00 Ratio (Observed/Predicted Cases)
      Cohort Mean: 0.55 | Lower is Better
    - CAUTI (ICU + select Wards): 0.00 Ratio (Observed/Predicted Cases)
      Cohort Mean: 0.50 | Lower is Better

Weaknesses:
  Patient Survey

  Key Measures:
    - Cleanliness: 2.00 Stars
      Cohort Mean: 3.00 | Higher is Better
    - Recommend hospital: 3.00 Stars
      Cohort Mean: 3.41 | Higher is Better",,"Rewrite the hospital information as a concise executive briefing for hospital leadership. Prioritize the strongest domain, major risks, and the most important benchmark comparisons. Preserve all quantitative evidence. Use contextual measures only as supporting information, not as indicators of performance. Use only the evidence provided.

Performance Evidence:
Facility: ESSENTIA HEALTH ST JOSEPH'S MEDICAL CENTER

Strengths:
  Healthcare-Associated Infections
  Overall: No Different than National Benchmark
  Relative Performance: 0.86 SD from cohort

  Key Measures:
    - CLABSI (ICU + select Wards): 0.00 Ratio (Observed/Predicted Cases)
      Cohort Mean: 0.55 | Lower is Better
    - CAUTI (ICU + select Wards): 0.00 Ratio (Observed/Predicted Cases)
      Cohort Mean: 0.50 | Lower is Better

Weaknesses:
  Patient Survey

  Key Measures:
    - Cleanliness: 2.00 Stars
      Cohort Mean: 3.00 | Higher is Better
    - Recommend hospital: 3.00 Stars
      Cohort Mean: 3.41 | Higher is Better

Narrative:",258,True,The hospital's strengths are Healthcare-Associated Infections. The hospital's weaknesses are Patient Survey.
240075,ESSENTIA HEALTH ST JOSEPH'S MEDICAL CENTER,Clinical,1,"Facility: ESSENTIA HEALTH ST JOSEPH'S MEDICAL CENTER

Strengths:
  Healthcare-Associated Infections
  Overall: No Different than National Benchmark
  Relative Performance: 1.07 SD from cohort

  Key Measures:
    - CLABSI (ICU + select Wards): 0.00 Ratio (Observed/Predicted Cases)
      Cohort Mean: 0.55 | Lower is Better
    - CAUTI (ICU + select Wards): 0.00 Ratio (Observed/Predicted Cases)
      Cohort Mean: 0.50 | Lower is Better

Weaknesses:
  Patient Survey

  Key Measures:
    - Cleanliness: 2.00 Stars
      Cohort Mean: 3.00 | Higher is Better
    - Recommend hospital: 3.00 Stars
      Cohort Mean: 3.41 | Higher is Better","Context:
  Healthcare-Associated Infections
    - CLABSI (ICU + select Wards): 1432.0 Device Days
    - CLABSI (ICU + select Wards): 0.0 Cases","Rewrite the hospital information for healthcare professionals. Use appropriate clinical terminology, retain measure-specific detail, and report quantitative comparisons precisely. Do not infer causation or statistical significance. Use contextual measures only as supporting information, not as indicators of performance. Use only the evidence provided.

Performance Evidence:
Facility: ESSENTIA HEALTH ST JOSEPH'S MEDICAL CENTER

Strengths:
  Healthcare-Associated Infections
  Overall: No Different than National Benchmark
  Relative Performance: 1.07 SD from cohort

  Key Measures:
    - CLABSI (ICU + select Wards): 0.00 Ratio (Observed/Predicted Cases)
      Cohort Mean: 0.55 | Lower is Better
    - CAUTI (ICU + select Wards): 0.00 Ratio (Observed/Predicted Cases)
      Cohort Mean: 0.50 | Lower is Better

Weaknesses:
  Patient Survey

  Key Measures:
    - Cleanliness: 2.00 Stars
      Cohort Mean: 3.00 | Higher is Better
    - Recommend hospital: 3.00 Stars
      Cohort Mean: 3.41 | Higher is Better

Supporting Context:
Context:
  Healthcare-Associated Infections
    - CLABSI (ICU + select Wards): 1432.0 Device Days
    - CLABSI (ICU + select Wards): 0.0 Cases

Narrative:",308,True,Healthcare-Associated Infections - CLABSI (ICU + select Wards): 1432.0 Device Days - CLABSI (ICU + select Wards): 0.0 Cases
240075,ESSENTIA HEALTH ST JOSEPH'S MEDICAL CENTER,Community Report,1,"Facility: ESSENTIA HEALTH ST JOSEPH'S MEDICAL CENTER

Strengths:
  Healthcare-Associated Infections
  Overall: No Different than National Benchmark
  Relative Performance: 0.86 SD from cohort

  Key Measures:
    - CLABSI (ICU + select Wards): 0.00 Ratio (Observed/Predicted Cases)
      Cohort Mean: 0.55 | Lower is Better
    - CAUTI (ICU + select Wards): 0.00 Ratio (Observed/Predicted Cases)
      Cohort Mean: 0.50 | Lower is Better

Weaknesses:
  Patient Survey

  Key Measures:
    - Cleanliness: 2.00 Stars
      Cohort Mean: 3.00 | Higher is Better
    - Recommend hospital: 3.00 Stars
      Cohort Mean: 3.41 | Higher is Better",,"Rewrite the hospital information for a public community report. Use accessible, neutral language and explain the main strengths and weaknesses without technical detail. Preserve all important numerical facts. Use contextual measures only as supporting information, not as indicators of performance. Use only the evidence provided.

Performance Evidence:
Facility: ESSENTIA HEALTH ST JOSEPH'S MEDICAL CENTER

Strengths:
  Healthcare-Associated Infections
  Overall: No Different than National Benchmark
  Relative Performance: 0.86 SD from cohort

  Key Measures:
    - CLABSI (ICU + select Wards): 0.00 Ratio (Observed/Predicted Cases)
      Cohort Mean: 0.55 | Lower is Better
    - CAUTI (ICU + select Wards): 0.00 Ratio (Observed/Predicted Cases)
      Cohort Mean: 0.50 | Lower is Better

Weaknesses:
  Patient Survey

  Key Measures:
    - Cleanliness: 2.00 Stars
      Cohort Mean: 3.00 | Higher is Better
    - Recommend hospital: 3.00 Stars
      Cohort Mean: 3.41 | Higher is Better

Narrative:",253,True,The hospital ESSENTIA HEALTH ST JOSEPH'S MEDICAL CENTER has a low patient satisfaction rating.
390046,WELLSPAN YORK HOSPITAL,Patient Friendly,1,"Facility: WELLSPAN YORK HOSPITAL

Strengths:
  Healthcare-Associated Infections
  Overall: Better than the National Benchmark
  Relative Performance: -0.05 SD from cohort

  Key Measures:
    - MRSA Bacteremia: 0.39 Ratio (Observed/Predicted Cases)
      Cohort Mean: 0.69 | Lower is Better
    - CLABSI (ICU + select Wards): 0.37 Ratio (Observed/Predicted Cases)
      Cohort Mean: 0.55 | Lower is Better

Weaknesses:
  Timely and Effective Care

  Key Measures:
    - Septic Shock 6-Hour Bundle: 62.00 Percent
      Cohort Mean: 85.81 | Higher is Better
    - Septic Shock 3-Hour Bundle: 45.00 Percent
      Cohort Mean: 71.21 | Higher is Better",,"Rewrite the hospital information for a patient with no healthcare background. Use plain everyday language, short sentences, and explain unfamiliar terms simply. Preserve all numbers, comparisons, and performance meaning. Use contextual measures only as supporting information, not as indicators of performance. Use only the evidence provided.

Performance Evidence:
Facility: WELLSPAN YORK HOSPITAL

Strengths:
  Healthcare-Associated Infections
  Overall: Better than the National Benchmark
  Relative Performance: -0.05 SD from cohort

  Key Measures:
    - MRSA Bacteremia: 0.39 Ratio (Observed/Predicted Cases)
      Cohort Mean: 0.69 | Lower is Better
    - CLABSI (ICU + select Wards): 0.37 Ratio (Observed/Predicted Cases)
      Cohort Mean: 0.55 | Lower is Better

Weaknesses:
  Timely and Effective Care

  Key Measures:
    - Septic Shock 6-Hour Bundle: 62.00 Percent
      Cohort Mean: 85.81 | Higher is Better
    - Septic Shock 3-Hour Bundle: 45.00 Percent
      Cohort Mean: 71.21 | Higher is Better

Narrative:",263,True,WELLSPAN YORK HOSPITAL is a hospital that provides healthcare-associated infections. The hospital has a relative performance of -0.05 SD from the cohort. The hospital has a weakness in timely and effective care.
390046,WELLSPAN YORK HOSPITAL,Executive Summary,1,"Facility: WELLSPAN YORK HOSPITAL

Strengths:
  Healthcare-Associated Infections
  Overall: Better than the National Benchmark
  Relative Performance: -0.05 SD from cohort

  Key Measures:
    - MRSA Bacteremia: 0.39 Ratio (Observed/Predicted Cases)
      Cohort Mean: 0.69 | Lower is Better
    - CLABSI (ICU + select Wards): 0.37 Ratio (Observed/Predicted Cases)
      Cohort Mean: 0.55 | Lower is Better

Weaknesses:
  Timely and Effective Care

  Key Measures:
    - Septic Shock 6-Hour Bundle: 62.00 Percent
      Cohort Mean: 85.81 | Higher is Better
    - Septic Shock 3-Hour Bundle: 45.00 Percent
      Cohort Mean: 71.21 | Higher is Better",,"Rewrite the hospital information as a concise executive briefing for hospital leadership. Prioritize the strongest domain, major risks, and the most important benchmark comparisons. Preserve all quantitative evidence. Use contextual measures only as supporting information, not as indicators of performance. Use only the evidence provided.

Performance Evidence:
Facility: WELLSPAN YORK HOSPITAL

Strengths:
  Healthcare-Associated Infections
  Overall: Better than the National Benchmark
  Relative Performance: -0.05 SD from cohort

  Key Measures:
    - MRSA Bacteremia: 0.39 Ratio (Observed/Predicted Cases)
      Cohort Mean: 0.69 | Lower is Better
    - CLABSI (ICU + select Wards): 0.37 Ratio (Observed/Predicted Cases)
      Cohort Mean: 0.55 | Lower is Better

Weaknesses:
  Timely and Effective Care

  Key Measures:
    - Septic Shock 6-Hour Bundle: 62.00 Percent
      Cohort Mean: 85.81 | Higher is Better
    - Septic Shock 3-Hour Bundle: 45.00 Percent
      Cohort Mean: 71.21 | Higher is Better

Narrative:",263,True,The facility at WELLSPAN YORK HOSPITAL has a strong focus on Healthcare-Associated Infections. The facility has a strong focus on Healthcare-Associated Infections. The facility has a weak focus on Timely and Effective Care.
390046,WELLSPAN YORK HOSPITAL,Clinical,1,"Facility: WELLSPAN YORK HOSPITAL

Strengths:
  Healthcare-Associated Infections
  Overall: Better than the National Benchmark
  Relative Performance: -0.03 SD from cohort

  Key Measures:
    - CLABSI (ICU + select Wards): 0.37 Ratio (Observed/Predicted Cases)
      Cohort Mean: 0.55 | Lower is Better
    - CAUTI (ICU + select Wards): 0.70 Ratio (Observed/Predicted Cases)
      Cohort Mean: 0.50 | Lower is Better

Weaknesses:
  Timely and Effective Care

  Key Measures:
    - Septic Shock 6-Hour Bundle: 62.00 Percent
      Cohort Mean: 85.81 | Higher is Better
    - Septic Shock 3-Hour Bundle: 45.00 Percent
      Cohort Mean: 71.21 | Higher is Better","Context:
  Healthcare-Associated Infections
    - CLABSI (ICU + select Wards): 22325.0 Device Days
    - CLABSI (ICU + select Wards): 9.0 Cases","Rewrite the hospital information for healthcare professionals. Use appropriate clinical terminology, retain measure-specific detail, and report quantitative comparisons precisely. Do not infer causation or statistical significance. Use contextual measures only as supporting information, not as indicators of performance. Use only the evidence provided.

Performance Evidence:
Facility: WELLSPAN YORK HOSPITAL

Strengths:
  Healthcare-Associated Infections
  Overall: Better than the National Benchmark
  Relative Performance: -0.03 SD from cohort

  Key Measures:
    - CLABSI (ICU + select Wards): 0.37 Ratio (Observed/Predicted Cases)
      Cohort Mean: 0.55 | Lower is Better
    - CAUTI (ICU + select Wards): 0.70 Ratio (Observed/Predicted Cases)
      Cohort Mean: 0.50 | Lower is Better

Weaknesses:
  Timely and Effective Care

  Key Measures:
    - Septic Shock 6-Hour Bundle: 62.00 Percent
      Cohort Mean: 85.81 | Higher is Better
    - Septic Shock 3-Hour Bundle: 45.00 Percent
      Cohort Mean: 71.21 | Higher is Better

Supporting Context:
Context:
  Healthcare-Associated Infections
    - CLABSI (ICU + select Wards): 22325.0 Device Days
    - CLABSI (ICU + select Wards): 9.0 Cases

Narrative:",320,True,Healthcare-Associated Infections - CLABSI (ICU + select Wards): 22325.0 Device Days - CLABSI (ICU + select Wards): 9.0 Cases
390046,WELLSPAN YORK HOSPITAL,Community Report,1,"Facility: WELLSPAN YORK HOSPITAL

Strengths:
  Healthcare-Associated Infections
  Overall: Better than the National Benchmark
  Relative Performance: -0.05 SD from cohort

  Key Measures:
    - MRSA Bacteremia: 0.39 Ratio (Observed/Predicted Cases)
      Cohort Mean: 0.69 | Lower is Better
    - CLABSI (ICU + select Wards): 0.37 Ratio (Observed/Predicted Cases)
      Cohort Mean: 0.55 | Lower is Better

Weaknesses:
  Timely and Effective Care

  Key Measures:
    - Septic Shock 6-Hour Bundle: 62.00 Percent
      Cohort Mean: 85.81 | Higher is Better
    - Septic Shock 3-Hour Bundle: 45.00 Percent
      Cohort Mean: 71.21 | Higher is Better",,"Rewrite the hospital information for a public community report. Use accessible, neutral language and explain the main strengths and weaknesses without technical detail. Preserve all important numerical facts. Use contextual measures only as supporting information, not as indicators of performance. Use only the evidence provided.

Performance Evidence:
Facility: WELLSPAN YORK HOSPITAL

Strengths:
  Healthcare-Associated Infections
  Overall: Better than the National Benchmark
  Relative Performance: -0.05 SD from cohort

  Key Measures:
    - MRSA Bacteremia: 0.39 Ratio (Observed/Predicted Cases)
      Cohort Mean: 0.69 | Lower is Better
    - CLABSI (ICU + select Wards): 0.37 Ratio (Observed/Predicted Cases)
      Cohort Mean: 0.55 | Lower is Better

Weaknesses:
  Timely and Effective Care

  Key Measures:
    - Septic Shock 6-Hour Bundle: 62.00 Percent
      Cohort Mean: 85.81 | Higher is Better
    - Septic Shock 3-Hour Bundle: 45.00 Percent
      Cohort Mean: 71.21 | Higher is Better

Narrative:",258,True,WELLSPAN YORK HOSPITAL has a better than the national benchmark for Healthcare-Associated Infections.
290041,SUMMERLIN HOSPITAL MEDICAL CENTER,Patient Friendly,1,"Facility: SUMMERLIN HOSPITAL MEDICAL CENTER

Strengths:
  Healthcare-Associated Infections
  Overall: Better than the National Benchmark
  Relative Performance: 0.79 SD from cohort

  Key Measures:
    - SSI (Colon Surgery): 0.00 Ratio (Observed/Predicted Cases)
      Cohort Mean: 0.83 | Lower is Better
    - SSI (Abdominal Hysterectomy): 0.00 Ratio (Observed/Predicted Cases)
      Cohort Mean: 1.11 | Lower is Better

Weaknesses:
  Patient Survey

  Key Measures:
    - Doctor communication: 2.00 Stars
      Cohort Mean: 2.97 | Higher is Better
    - Discharge information: 2.00 Stars
      Cohort Mean: 3.10 | Higher is Better",,"Rewrite the hospital information for a patient with no healthcare background. Use plain everyday language, short sentences, and explain unfamiliar terms simply. Preserve all numbers, comparisons, and performance meaning. Use contextual measures only as supporting information, not as indicators of performance. Use only the evidence provided.

Performance Evidence:
Facility: SUMMERLIN HOSPITAL MEDICAL CENTER

Strengths:
  Healthcare-Associated Infections
  Overall: Better than the National Benchmark
  Relative Performance: 0.79 SD from cohort

  Key Measures:
    - SSI (Colon Surgery): 0.00 Ratio (Observed/Predicted Cases)
      Cohort Mean: 0.83 | Lower is Better
    - SSI (Abdominal Hysterectomy): 0.00 Ratio (Observed/Predicted Cases)
      Cohort Mean: 1.11 | Lower is Better

Weaknesses:
  Patient Survey

  Key Measures:
    - Doctor communication: 2.00 Stars
      Cohort Mean: 2.97 | Higher is Better
    - Discharge information: 2.00 Stars
      Cohort Mean: 3.10 | Higher is Better

Narrative:",244,True,The SUMMERLIN HOSPITAL MEDICAL CENTER has a better than the national benchmark in terms of Healthcare-Associated Infections.
290041,SUMMERLIN HOSPITAL MEDICAL CENTER,Executive Summary,1,"Facility: SUMMERLIN HOSPITAL MEDICAL CENTER

Strengths:
  Healthcare-Associated Infections
  Overall: Better than the National Benchmark
  Relative Performance: 0.79 SD from cohort

  Key Measures:
    - SSI (Colon Surgery): 0.00 Ratio (Observed/Predicted Cases)
      Cohort Mean: 0.83 | Lower is Better
    - SSI (Abdominal Hysterectomy): 0.00 Ratio (Observed/Predicted Cases)
      Cohort Mean: 1.11 | Lower is Better

Weaknesses:
  Patient Survey

  Key Measures:
    - Doctor communication: 2.00 Stars
      Cohort Mean: 2.97 | Higher is Better
    - Discharge information: 2.00 Stars
      Cohort Mean: 3.10 | Higher is Better",,"Rewrite the hospital information as a concise executive briefing for hospital leadership. Prioritize the strongest domain, major risks, and the most important benchmark comparisons. Preserve all quantitative evidence. Use contextual measures only as supporting information, not as indicators of performance. Use only the evidence provided.

Performance Evidence:
Facility: SUMMERLIN HOSPITAL MEDICAL CENTER

Strengths:
  Healthcare-Associated Infections
  Overall: Better than the National Benchmark
  Relative Performance: 0.79 SD from cohort

  Key Measures:
    - SSI (Colon Surgery): 0.00 Ratio (Observed/Predicted Cases)
      Cohort Mean: 0.83 | Lower is Better
    - SSI (Abdominal Hysterectomy): 0.00 Ratio (Observed/Predicted Cases)
      Cohort Mean: 1.11 | Lower is Better

Weaknesses:
  Patient Survey

  Key Measures:
    - Doctor communication: 2.00 Stars
      Cohort Mean: 2.97 | Higher is Better
    - Discharge information: 2.00 Stars
      Cohort Mean: 3.10 | Higher is Better

Narrative:",244,True,"SUMMERLIN HOSPITAL MEDICAL CENTER is a hospital that provides healthcare services. The strengths of the hospital are Healthcare-Associated Infections. The weaknesses of the hospital are Doctor communication, Patient Survey, and Discharge information."
290041,SUMMERLIN HOSPITAL MEDICAL CENTER,Clinical,1,"Facility: SUMMERLIN HOSPITAL MEDICAL CENTER

Strengths:
  Healthcare-Associated Infections
  Overall: Better than the National Benchmark
  Relative Performance: 0.57 SD from cohort

  Key Measures:
    - CLABSI (ICU + select Wards): 0.14 Ratio (Observed/Predicted Cases)
      Cohort Mean: 0.55 | Lower is Better
    - CAUTI (ICU + select Wards): 0.34 Ratio (Observed/Predicted Cases)
      Cohort Mean: 0.50 | Lower is Better

Weaknesses:
  Patient Survey

  Key Measures:
    - Doctor communication: 2.00 Stars
      Cohort Mean: 2.97 | Higher is Better
    - Discharge information: 2.00 Stars
      Cohort Mean: 3.10 | Higher is Better","Context:
  Healthcare-Associated Infections
    - CLABSI (ICU + select Wards): 12313.0 Device Days
    - CLABSI (ICU + select Wards): 2.0 Cases","Rewrite the hospital information for healthcare professionals. Use appropriate clinical terminology, retain measure-specific detail, and report quantitative comparisons precisely. Do not infer causation or statistical significance. Use contextual measures only as supporting information, not as indicators of performance. Use only the evidence provided.

Performance Evidence:
Facility: SUMMERLIN HOSPITAL MEDICAL CENTER

Strengths:
  Healthcare-Associated Infections
  Overall: Better than the National Benchmark
  Relative Performance: 0.57 SD from cohort

  Key Measures:
    - CLABSI (ICU + select Wards): 0.14 Ratio (Observed/Predicted Cases)
      Cohort Mean: 0.55 | Lower is Better
    - CAUTI (ICU + select Wards): 0.34 Ratio (Observed/Predicted Cases)
      Cohort Mean: 0.50 | Lower is Better

Weaknesses:
  Patient Survey

  Key Measures:
    - Doctor communication: 2.00 Stars
      Cohort Mean: 2.97 | Higher is Better
    - Discharge information: 2.00 Stars
      Cohort Mean: 3.10 | Higher is Better

Supporting Context:
Context:
  Healthcare-Associated Infections
    - CLABSI (ICU + select Wards): 12313.0 Device Days
    - CLABSI (ICU + select Wards): 2.0 Cases

Narrative:",299,True,Healthcare-Associated Infections - CLABSI (ICU + select Wards): 12313.0 Device Days - CLABSI (ICU + select Wards): 2.0 Cases
290041,SUMMERLIN HOSPITAL MEDICAL CENTER,Community Report,1,"Facility: SUMMERLIN HOSPITAL MEDICAL CENTER

Strengths:
  Healthcare-Associated Infections
  Overall: Better than the National Benchmark
  Relative Performance: 0.79 SD from cohort

  Key Measures:
    - SSI (Colon Surgery): 0.00 Ratio (Observed/Predicted Cases)
      Cohort Mean: 0.83 | Lower is Better
    - SSI (Abdominal Hysterectomy): 0.00 Ratio (Observed/Predicted Cases)
      Cohort Mean: 1.11 | Lower is Better

Weaknesses:
  Patient Survey

  Key Measures:
    - Doctor communication: 2.00 Stars
      Cohort Mean: 2.97 | Higher is Better
    - Discharge information: 2.00 Stars
      Cohort Mean: 3.10 | Higher is Better",,"Rewrite the hospital information for a public community report. Use accessible, neutral language and explain the main strengths and weaknesses without technical detail. Preserve all important numerical facts. Use contextual measures only as supporting information, not as indicators of performance. Use only the evidence provided.

Performance Evidence:
Facility: SUMMERLIN HOSPITAL MEDICAL CENTER

Strengths:
  Healthcare-Associated Infections
  Overall: Better than the National Benchmark
  Relative Performance: 0.79 SD from cohort

  Key Measures:
    - SSI (Colon Surgery): 0.00 Ratio (Observed/Predicted Cases)
      Cohort Mean: 0.83 | Lower is Better
    - SSI (Abdominal Hysterectomy): 0.00 Ratio (Observed/Predicted Cases)
      Cohort Mean: 1.11 | Lower is Better

Weaknesses:
  Patient Survey

  Key Measures:
    - Doctor communication: 2.00 Stars
      Cohort Mean: 2.97 | Higher is Better
    - Discharge information: 2.00 Stars
      Cohort Mean: 3.10 | Higher is Better

Narrative:",239,True,SUMMERLIN HOSPITAL MEDICAL CENTER has a better than the national benchmark in Healthcare-Associated Infections.
