Split,Facility ID,Facility Name,Domain,Communication Style,Prompt Version,Prepared Narrative,Prompt,Prompt Token Count,Generated Narrative,Generation Seconds,Flesch Reading Ease,Numeric Recall,Numeric Precision,Direction Recall,Generated Words,Compression Ratio
Training,390231,JEFFERSON ABINGTON HOSPITAL,Patient Survey,Patient Friendly,1,"Patient experience performed below average overall, with a summary rating of 2.0 stars and a percentile rank of 25. The strongest area was Nurse communication - star rating at 3.0 stars, while Cleanliness - star rating was a relative opportunity at 1.0 stars.","Rewrite the hospital information for a patient with no healthcare background. Use plain everyday language and short sentences. Preserve all numbers and performance directions.
Prioritize these measures and metrics when available: overall score, overall performance, strongest area, main opportunity.
Preserve all numerical values and performance directions.

Hospital Information:
Patient experience performed below average overall, with a summary rating of 2.0 stars and a percentile rank of 25. The strongest area was Nurse communication - star rating at 3.0 stars, while Cleanliness - star rating was a relative opportunity at 1.0 stars.

Summary:",126,"Patient experience performed below average overall, with a summary rating of 2.0 stars. The strongest area was Nurse communication - star rating at 3.0 stars, while Cleanliness – star Rating was .",8.71343170000182,43.31708333333336,0.5,1.0,1.0,32,0.7441860465116279
Training,390231,JEFFERSON ABINGTON HOSPITAL,Patient Survey,Patient Friendly,2,"Patient experience performed below average overall, with a summary rating of 2.0 stars and a percentile rank of 25. The strongest area was Nurse communication - star rating at 3.0 stars, while Cleanliness - star rating was a relative opportunity at 1.0 stars.","Explain the hospital information as if speaking to a patient choosing where to receive care. Avoid technical jargon and make each result easy to understand. Do not add facts or change statistics.
Prioritize these measures and metrics when available: overall score, overall performance, strongest area, main opportunity.
Preserve all numerical values and performance directions.

Hospital Information:
Patient experience performed below average overall, with a summary rating of 2.0 stars and a percentile rank of 25. The strongest area was Nurse communication - star rating at 3.0 stars, while Cleanliness - star rating was a relative opportunity at 1.0 stars.

Summary:",134,Explain the hospital information in a clear and concise manner. Identify the strengths and opportunities in each measure. Use the example of the Hospital Information to illustrate the importance of each metric and measure of performance.,8.94106979999924,39.55500000000001,0.0,0.0,0.0,36,0.8372093023255814
Training,390231,JEFFERSON ABINGTON HOSPITAL,Patient Survey,Patient Friendly,3,"Patient experience performed below average overall, with a summary rating of 2.0 stars and a percentile rank of 25. The strongest area was Nurse communication - star rating at 3.0 stars, while Cleanliness - star rating was a relative opportunity at 1.0 stars.","Translate the hospital information into clear patient-friendly language. Focus on what the results mean, use simple wording, and preserve all numbers and performance interpretations.
Prioritize these measures and metrics when available: overall score, overall performance, strongest area, main opportunity.
Preserve all numerical values and performance directions.

Hospital Information:
Patient experience performed below average overall, with a summary rating of 2.0 stars and a percentile rank of 25. The strongest area was Nurse communication - star rating at 3.0 stars, while Cleanliness - star rating was a relative opportunity at 1.0 stars.

Summary:",128,"Patient experience performed below average overall, with a summary rating of 2.0 stars and percentile rank of 25. The strongest area was Nurse communication - star rating at 3.0 stars, while Cleanliness – Star rating was .",10.742287999994005,46.14294354838711,0.75,1.0,1.0,37,0.8604651162790697
Training,390231,JEFFERSON ABINGTON HOSPITAL,Patient Survey,Executive Summary,1,"Patient experience performed below average overall, with a summary rating of 2.0 stars and a percentile rank of 25. The strongest area was Nurse communication - star rating at 3.0 stars, while Cleanliness - star rating was a relative opportunity at 1.0 stars.","Rewrite the hospital information as an executive summary for hospital leadership. Prioritize major strengths, weaknesses, and benchmark comparisons. Preserve all numerical values.
Prioritize these measures and metrics when available: overall score, percentile, overall performance, main weaknesses.
Preserve all numerical values and performance directions.

Hospital Information:
Patient experience performed below average overall, with a summary rating of 2.0 stars and a percentile rank of 25. The strongest area was Nurse communication - star rating at 3.0 stars, while Cleanliness - star rating was a relative opportunity at 1.0 stars.

Summary:",128,"Patient experience performed below average overall, with a summary rating of 2.0 stars. The strongest area was Nurse communication - star rating at 3.0 stars, while Cleanliness – star Rating was based on relative opportunities at 1.0 stars",9.505820699996548,36.952159090909106,0.75,1.0,1.0,38,0.8837209302325582
Training,390231,JEFFERSON ABINGTON HOSPITAL,Patient Survey,Executive Summary,2,"Patient experience performed below average overall, with a summary rating of 2.0 stars and a percentile rank of 25. The strongest area was Nurse communication - star rating at 3.0 stars, while Cleanliness - star rating was a relative opportunity at 1.0 stars.","Summarize the hospital information for an executive audience. Use professional, direct language and emphasize performance relative to comparison groups. Keep all quantitative evidence unchanged.
Prioritize these measures and metrics when available: overall score, percentile, overall performance, main weaknesses.
Preserve all numerical values and performance directions.

Hospital Information:
Patient experience performed below average overall, with a summary rating of 2.0 stars and a percentile rank of 25. The strongest area was Nurse communication - star rating at 3.0 stars, while Cleanliness - star rating was a relative opportunity at 1.0 stars.

Summary:",125,Prepare a presentation for the hospital's board of directors or other senior management. Identify the strengths and areas for improvement in patient experience. Highlight the areas of greatest need for improvements. Provide measurable metrics for each area of improvement.,9.668536799988942,33.83000000000001,0.0,0.0,0.0,39,0.9069767441860465
Training,390231,JEFFERSON ABINGTON HOSPITAL,Patient Survey,Executive Summary,3,"Patient experience performed below average overall, with a summary rating of 2.0 stars and a percentile rank of 25. The strongest area was Nurse communication - star rating at 3.0 stars, while Cleanliness - star rating was a relative opportunity at 1.0 stars.","Create a brief leadership-level performance summary. Highlight areas performing above and below benchmark while retaining the exact numerical findings.
Prioritize these measures and metrics when available: overall score, percentile, overall performance, main weaknesses.
Preserve all numerical values and performance directions.

Hospital Information:
Patient experience performed below average overall, with a summary rating of 2.0 stars and a percentile rank of 25. The strongest area was Nurse communication - star rating at 3.0 stars, while Cleanliness - star rating was a relative opportunity at 1.0 stars.

Summary:",120,"Patient experience performed below average overall, with a summary rating of 2.0 stars. The strongest area was Nurse communication - star rating at 3.0 stars, while Cleanliness – star Rating was based on relative opportunities at 1.0 stars",12.784812400001101,36.952159090909106,0.75,1.0,1.0,38,0.8837209302325582
Training,390231,JEFFERSON ABINGTON HOSPITAL,Patient Survey,Clinical,1,"Patient experience performed below average overall, with a summary rating of 2.0 stars and a percentile rank of 25. The strongest area was Nurse communication - star rating at 3.0 stars, while Cleanliness - star rating was a relative opportunity at 1.0 stars.","Rewrite the hospital information for a healthcare professional audience. Maintain appropriate clinical terminology, report quantitative performance precisely, and do not add unsupported conclusions.
Prioritize these measures and metrics when available: measure name, measure score, benchmark, difference from benchmark, performance.
Preserve all numerical values and performance directions.

Hospital Information:
Patient experience performed below average overall, with a summary rating of 2.0 stars and a percentile rank of 25. The strongest area was Nurse communication - star rating at 3.0 stars, while Cleanliness - star rating was a relative opportunity at 1.0 stars.

Summary:",127,"Patient experience performed below average overall, with a summary rating of 2.0 stars. The strongest area was Nurse communication - star rating at 3.0 stars, while Cleanliness was rated 1.0 stars relative to average.",11.187092000007397,40.005000000000024,0.75,1.0,1.0,34,0.7906976744186046
Training,390231,JEFFERSON ABINGTON HOSPITAL,Patient Survey,Clinical,2,"Patient experience performed below average overall, with a summary rating of 2.0 stars and a percentile rank of 25. The strongest area was Nurse communication - star rating at 3.0 stars, while Cleanliness - star rating was a relative opportunity at 1.0 stars.","Present the hospital information in a clinical style. Retain measure names, numerical values, and performance direction. Do not infer causation or statistical significance.
Prioritize these measures and metrics when available: measure name, measure score, benchmark, difference from benchmark, performance.
Preserve all numerical values and performance directions.

Hospital Information:
Patient experience performed below average overall, with a summary rating of 2.0 stars and a percentile rank of 25. The strongest area was Nurse communication - star rating at 3.0 stars, while Cleanliness - star rating was a relative opportunity at 1.0 stars.

Summary:",132,"Present the hospital information in a clear, concise, and concise manner. Describe the strengths and areas for improvement in each of the following areas: Patient experience Patient satisfaction Patient safety Patient care Patient cleanliness",9.271716799994465,10.589705882352973,0.0,0.0,0.0,34,0.7906976744186046
Training,390231,JEFFERSON ABINGTON HOSPITAL,Patient Survey,Clinical,3,"Patient experience performed below average overall, with a summary rating of 2.0 stars and a percentile rank of 25. The strongest area was Nurse communication - star rating at 3.0 stars, while Cleanliness - star rating was a relative opportunity at 1.0 stars.","Convert the hospital information into a professional clinical performance narrative. Preserve the reported scores and performance classifications for every included measure.
Prioritize these measures and metrics when available: measure name, measure score, benchmark, difference from benchmark, performance.
Preserve all numerical values and performance directions.

Hospital Information:
Patient experience performed below average overall, with a summary rating of 2.0 stars and a percentile rank of 25. The strongest area was Nurse communication - star rating at 3.0 stars, while Cleanliness - star rating was a relative opportunity at 1.0 stars.

Summary:",125,"Convert the hospital information into a professional clinical performance narrative. Preserve all numerical values and performance classifications. Prioritize these measures and metrics when available: measure name, measure score, benchmark, difference from benchmark.",10.106582399996114,5.65833333333336,0.0,0.0,0.0,32,0.7441860465116279
Training,390231,JEFFERSON ABINGTON HOSPITAL,Patient Survey,Community Report,1,"Patient experience performed below average overall, with a summary rating of 2.0 stars and a percentile rank of 25. The strongest area was Nurse communication - star rating at 3.0 stars, while Cleanliness - star rating was a relative opportunity at 1.0 stars.","Rewrite the hospital information for a public community report. Use accessible, neutral, and informative language while preserving all numerical facts.
Prioritize these measures and metrics when available: overall score, overall performance, strongest area, main opportunity.
Preserve all numerical values and performance directions.

Hospital Information:
Patient experience performed below average overall, with a summary rating of 2.0 stars and a percentile rank of 25. The strongest area was Nurse communication - star rating at 3.0 stars, while Cleanliness - star rating was a relative opportunity at 1.0 stars.

Summary:",122,"Patient experience performed below average overall, with a summary rating of 2.0 stars. The strongest area was Nurse communication - star rating at 3.0 stars, while Cleanliness – star Rating was .",10.153853399999207,43.31708333333336,0.5,1.0,1.0,32,0.7441860465116279
Training,390231,JEFFERSON ABINGTON HOSPITAL,Patient Survey,Community Report,2,"Patient experience performed below average overall, with a summary rating of 2.0 stars and a percentile rank of 25. The strongest area was Nurse communication - star rating at 3.0 stars, while Cleanliness - star rating was a relative opportunity at 1.0 stars.","Create a community-facing summary of the hospital performance results. Keep the tone balanced and understandable for the general public. Do not exaggerate strengths or weaknesses.
Prioritize these measures and metrics when available: overall score, overall performance, strongest area, main opportunity.
Preserve all numerical values and performance directions.

Hospital Information:
Patient experience performed below average overall, with a summary rating of 2.0 stars and a percentile rank of 25. The strongest area was Nurse communication - star rating at 3.0 stars, while Cleanliness - star rating was a relative opportunity at 1.0 stars.

Summary:",130,"Write a summary of the hospital performance. Describe the strengths and weaknesses of each area. Highlight the areas of greatest opportunity. Write the summary in the following format: Include the patient experience score, percentile rank, and summary rating.",11.398357700003544,43.57671052631579,0.0,0.0,0.0,38,0.8837209302325582
Training,390231,JEFFERSON ABINGTON HOSPITAL,Patient Survey,Community Report,3,"Patient experience performed below average overall, with a summary rating of 2.0 stars and a percentile rank of 25. The strongest area was Nurse communication - star rating at 3.0 stars, while Cleanliness - star rating was a relative opportunity at 1.0 stars.","Translate the hospital information into a short public hospital report. Use clear nontechnical language, identify important comparisons, and preserve all factual values and performance directions.
Prioritize these measures and metrics when available: overall score, overall performance, strongest area, main opportunity.
Preserve all numerical values and performance directions.

Hospital Information:
Patient experience performed below average overall, with a summary rating of 2.0 stars and a percentile rank of 25. The strongest area was Nurse communication - star rating at 3.0 stars, while Cleanliness - star rating was a relative opportunity at 1.0 stars.

Summary:",131,"Patient experience performed below average overall, with a summary rating of 2.0 stars and percentile rank of 25. The strongest area was Nurse communication - star rating at 3.0 stars, while Cleanliness – Star rating was rated relative opportunity at 1.0 stars.",13.23242559999926,39.72700000000003,1.0,1.0,1.0,42,0.9767441860465116
Training,390231,JEFFERSON ABINGTON HOSPITAL,Healthcare-Associated Infections,Patient Friendly,1,"For Central Line Associated Bloodstream Infection, the hospital had fewer infections than predicted. For Catheter Associated Urinary Tract Infections, the hospital had fewer infections than predicted. For SSI - Colon Surgery, the hospital had fewer infections than predicted. For SSI - Abdominal Hysterectomy, the hospital had more infections than predicted. For MRSA Bacteremia, the hospital had fewer infections than predicted. For Clostridium Difficile (C.Diff), the hospital had fewer infections than predicted.","Rewrite the hospital information for a patient with no healthcare background. Use plain everyday language and short sentences. Preserve all numbers and performance directions.
Prioritize these measures and metrics when available: infection name, SIR, fewer or more infections than predicted.
Preserve all numerical values and performance directions.

Hospital Information:
For Central Line Associated Bloodstream Infection, the hospital had fewer infections than predicted. For Catheter Associated Urinary Tract Infections, the hospital had fewer infections than predicted. For SSI - Colon Surgery, the hospital had fewer infections than predicted. For SSI - Abdominal Hysterectomy, the hospital had more infections than predicted. For MRSA Bacteremia, the hospital had fewer infections than predicted. For Clostridium Difficile (C.Diff), the hospital had fewer infections than predicted.

Summary:",194,"For Central Line Associated Bloodstream Infection, the hospital had fewer infections than predicted. For Catheter associated Urinary Tract infections, there was a decrease in the number of infections.",10.773012900011963,23.42500000000001,1.0,1.0,1.0,28,0.39436619718309857
Training,390231,JEFFERSON ABINGTON HOSPITAL,Healthcare-Associated Infections,Patient Friendly,2,"For Central Line Associated Bloodstream Infection, the hospital had fewer infections than predicted. For Catheter Associated Urinary Tract Infections, the hospital had fewer infections than predicted. For SSI - Colon Surgery, the hospital had fewer infections than predicted. For SSI - Abdominal Hysterectomy, the hospital had more infections than predicted. For MRSA Bacteremia, the hospital had fewer infections than predicted. For Clostridium Difficile (C.Diff), the hospital had fewer infections than predicted.","Explain the hospital information as if speaking to a patient choosing where to receive care. Avoid technical jargon and make each result easy to understand. Do not add facts or change statistics.
Prioritize these measures and metrics when available: infection name, SIR, fewer or more infections than predicted.
Preserve all numerical values and performance directions.

Hospital Information:
For Central Line Associated Bloodstream Infection, the hospital had fewer infections than predicted. For Catheter Associated Urinary Tract Infections, the hospital had fewer infections than predicted. For SSI - Colon Surgery, the hospital had fewer infections than predicted. For SSI - Abdominal Hysterectomy, the hospital had more infections than predicted. For MRSA Bacteremia, the hospital had fewer infections than predicted. For Clostridium Difficile (C.Diff), the hospital had fewer infections than predicted.

Summary:",202,Explain the results in a clear and concise manner. Identify the most important performance metrics. List the hospital's performance in each of the following performance categories: Describe the infection types and severity.,8.90078869998979,34.160909090909115,1.0,1.0,1.0,32,0.4507042253521127
Training,390231,JEFFERSON ABINGTON HOSPITAL,Healthcare-Associated Infections,Patient Friendly,3,"For Central Line Associated Bloodstream Infection, the hospital had fewer infections than predicted. For Catheter Associated Urinary Tract Infections, the hospital had fewer infections than predicted. For SSI - Colon Surgery, the hospital had fewer infections than predicted. For SSI - Abdominal Hysterectomy, the hospital had more infections than predicted. For MRSA Bacteremia, the hospital had fewer infections than predicted. For Clostridium Difficile (C.Diff), the hospital had fewer infections than predicted.","Translate the hospital information into clear patient-friendly language. Focus on what the results mean, use simple wording, and preserve all numbers and performance interpretations.
Prioritize these measures and metrics when available: infection name, SIR, fewer or more infections than predicted.
Preserve all numerical values and performance directions.

Hospital Information:
For Central Line Associated Bloodstream Infection, the hospital had fewer infections than predicted. For Catheter Associated Urinary Tract Infections, the hospital had fewer infections than predicted. For SSI - Colon Surgery, the hospital had fewer infections than predicted. For SSI - Abdominal Hysterectomy, the hospital had more infections than predicted. For MRSA Bacteremia, the hospital had fewer infections than predicted. For Clostridium Difficile (C.Diff), the hospital had fewer infections than predicted.

Summary:",196,"The hospital had fewer infections than predicted for Central Line Associated Bloodstream Infection, Catheter Acquired UTIs, SSI - Colon Surgery, MRSA Bacteremia, Clostridium Difficile (C.Diff).",12.980604700002004,11.411500000000018,1.0,1.0,1.0,25,0.352112676056338
Training,390231,JEFFERSON ABINGTON HOSPITAL,Healthcare-Associated Infections,Executive Summary,1,"Central Line Associated Bloodstream Infection had an SIR of 0.60 with 11 observed cases, indicating fewer infections than predicted. Catheter Associated Urinary Tract Infections had an SIR of 0.30 with 8 observed cases, indicating fewer infections than predicted. SSI - Colon Surgery had an SIR of 0.74 with 7 observed cases, indicating fewer infections than predicted. SSI - Abdominal Hysterectomy had an SIR of 1.32 with 4 observed cases, indicating more infections than predicted. MRSA Bacteremia had an SIR of 0.73 with 8 observed cases, indicating fewer infections than predicted. Clostridium Difficile (C.Diff) had an SIR of 0.52 with 45 observed cases, indicating fewer infections than predicted.","Rewrite the hospital information as an executive summary for hospital leadership. Prioritize major strengths, weaknesses, and benchmark comparisons. Preserve all numerical values.
Prioritize these measures and metrics when available: infection name, SIR, observed cases, device days or patient days, number of procedures, performance.
Preserve all numerical values and performance directions.

Hospital Information:
Central Line Associated Bloodstream Infection had an SIR of 0.60 with 11 observed cases, indicating fewer infections than predicted. Catheter Associated Urinary Tract Infections had an SIR of 0.30 with 8 observed cases, indicating fewer infections than predicted. SSI - Colon Surgery had an SIR of 0.74 with 7 observed cases, indicating fewer infections than predicted. SSI - Abdominal Hysterectomy had an SIR of 1.32 with 4 observed cases, indicating more infections than predicted. MRSA Bacteremia had an SIR of 0.73 with 8 observed cases, indicating fewer infections than predicted. Clostridium Difficile (C.Diff) had an SIR of 0.52 with 45 observed cases, indicating fewer infections than predicted.

Summary:",258,"Rewrite the hospital information as an executive summary for hospital leadership. Prioritize major strengths, weaknesses, and benchmark comparisons. Preserve all numerical values and performance directions for each measure and metrics.",10.347878899992793,13.38500000000002,0.0,0.0,1.0,30,0.2803738317757009
Training,390231,JEFFERSON ABINGTON HOSPITAL,Healthcare-Associated Infections,Executive Summary,2,"Central Line Associated Bloodstream Infection had an SIR of 0.60 with 11 observed cases, indicating fewer infections than predicted. Catheter Associated Urinary Tract Infections had an SIR of 0.30 with 8 observed cases, indicating fewer infections than predicted. SSI - Colon Surgery had an SIR of 0.74 with 7 observed cases, indicating fewer infections than predicted. SSI - Abdominal Hysterectomy had an SIR of 1.32 with 4 observed cases, indicating more infections than predicted. MRSA Bacteremia had an SIR of 0.73 with 8 observed cases, indicating fewer infections than predicted. Clostridium Difficile (C.Diff) had an SIR of 0.52 with 45 observed cases, indicating fewer infections than predicted.","Summarize the hospital information for an executive audience. Use professional, direct language and emphasize performance relative to comparison groups. Keep all quantitative evidence unchanged.
Prioritize these measures and metrics when available: infection name, SIR, observed cases, device days or patient days, number of procedures, performance.
Preserve all numerical values and performance directions.

Hospital Information:
Central Line Associated Bloodstream Infection had an SIR of 0.60 with 11 observed cases, indicating fewer infections than predicted. Catheter Associated Urinary Tract Infections had an SIR of 0.30 with 8 observed cases, indicating fewer infections than predicted. SSI - Colon Surgery had an SIR of 0.74 with 7 observed cases, indicating fewer infections than predicted. SSI - Abdominal Hysterectomy had an SIR of 1.32 with 4 observed cases, indicating more infections than predicted. MRSA Bacteremia had an SIR of 0.73 with 8 observed cases, indicating fewer infections than predicted. Clostridium Difficile (C.Diff) had an SIR of 0.52 with 45 observed cases, indicating fewer infections than predicted.

Summary:",255,Prepare a summary of the hospital information for the executive audience. Describe the performance of each infection. Provide measurable performance metrics. Include the following metrics in the summary: Identify the most common infections.,10.451474500005133,24.133977272727293,0.0,0.0,1.0,33,0.308411214953271
Training,390231,JEFFERSON ABINGTON HOSPITAL,Healthcare-Associated Infections,Executive Summary,3,"Central Line Associated Bloodstream Infection had an SIR of 0.60 with 11 observed cases, indicating fewer infections than predicted. Catheter Associated Urinary Tract Infections had an SIR of 0.30 with 8 observed cases, indicating fewer infections than predicted. SSI - Colon Surgery had an SIR of 0.74 with 7 observed cases, indicating fewer infections than predicted. SSI - Abdominal Hysterectomy had an SIR of 1.32 with 4 observed cases, indicating more infections than predicted. MRSA Bacteremia had an SIR of 0.73 with 8 observed cases, indicating fewer infections than predicted. Clostridium Difficile (C.Diff) had an SIR of 0.52 with 45 observed cases, indicating fewer infections than predicted.","Create a brief leadership-level performance summary. Highlight areas performing above and below benchmark while retaining the exact numerical findings.
Prioritize these measures and metrics when available: infection name, SIR, observed cases, device days or patient days, number of procedures, performance.
Preserve all numerical values and performance directions.

Hospital Information:
Central Line Associated Bloodstream Infection had an SIR of 0.60 with 11 observed cases, indicating fewer infections than predicted. Catheter Associated Urinary Tract Infections had an SIR of 0.30 with 8 observed cases, indicating fewer infections than predicted. SSI - Colon Surgery had an SIR of 0.74 with 7 observed cases, indicating fewer infections than predicted. SSI - Abdominal Hysterectomy had an SIR of 1.32 with 4 observed cases, indicating more infections than predicted. MRSA Bacteremia had an SIR of 0.73 with 8 observed cases, indicating fewer infections than predicted. Clostridium Difficile (C.Diff) had an SIR of 0.52 with 45 observed cases, indicating fewer infections than predicted.

Summary:",250,"Highlight areas performing above and below benchmark while retaining the exact numerical findings. Prioritize these measures and metrics when available: infection name, SIR, observed cases, device days or patient days, number of procedures, performance.",10.172214200007147,20.380000000000024,0.0,0.0,1.0,34,0.3177570093457944
Training,390231,JEFFERSON ABINGTON HOSPITAL,Healthcare-Associated Infections,Clinical,1,"Central Line Associated Bloodstream Infection, SIR 0.602, 11 observed cases, 17212 device days, fewer infections than predicted. Catheter Associated Urinary Tract Infections, SIR 0.305, 8 observed cases, 18209 device days, fewer infections than predicted. SSI - Colon Surgery, SIR 0.736, 7 observed cases, 354 procedures, fewer infections than predicted. SSI - Abdominal Hysterectomy, SIR 1.321, 4 observed cases, 340 procedures, more infections than predicted. MRSA Bacteremia, SIR 0.731, 8 observed cases, 183957 patient days, fewer infections than predicted. Clostridium Difficile (C.Diff), SIR 0.517, 45 observed cases, 165080 patient days, fewer infections than predicted.","Rewrite the hospital information for a healthcare professional audience. Maintain appropriate clinical terminology, report quantitative performance precisely, and do not add unsupported conclusions.
Prioritize these measures and metrics when available: infection name, SIR, observed cases, device days or patient days, number of procedures, performance.
Preserve all numerical values and performance directions.

Hospital Information:
Central Line Associated Bloodstream Infection, SIR 0.602, 11 observed cases, 17212 device days, fewer infections than predicted. Catheter Associated Urinary Tract Infections, SIR 0.305, 8 observed cases, 18209 device days, fewer infections than predicted. SSI - Colon Surgery, SIR 0.736, 7 observed cases, 354 procedures, fewer infections than predicted. SSI - Abdominal Hysterectomy, SIR 1.321, 4 observed cases, 340 procedures, more infections than predicted. MRSA Bacteremia, SIR 0.731, 8 observed cases, 183957 patient days, fewer infections than predicted. Clostridium Difficile (C.Diff), SIR 0.517, 45 observed cases, 165080 patient days, fewer infections than predicted.

Summary:",266,"Central Line Associated Bloodstream Infection, SIR 0.602, 11 observed cases, 17212 device days, fewer infections than predicted. Catheter  associated Urinary Tract Injuries, Severity 0.731, 8 observed patients, 183957 patient days. Clostridium Difficile (C.Diff), SID 0.517, 45 observed case, 165080 patient day.",18.224852999992436,14.904545454545485,0.5,1.0,1.0,41,0.44086021505376344
Training,390231,JEFFERSON ABINGTON HOSPITAL,Healthcare-Associated Infections,Clinical,2,"Central Line Associated Bloodstream Infection, SIR 0.602, 11 observed cases, 17212 device days, fewer infections than predicted. Catheter Associated Urinary Tract Infections, SIR 0.305, 8 observed cases, 18209 device days, fewer infections than predicted. SSI - Colon Surgery, SIR 0.736, 7 observed cases, 354 procedures, fewer infections than predicted. SSI - Abdominal Hysterectomy, SIR 1.321, 4 observed cases, 340 procedures, more infections than predicted. MRSA Bacteremia, SIR 0.731, 8 observed cases, 183957 patient days, fewer infections than predicted. Clostridium Difficile (C.Diff), SIR 0.517, 45 observed cases, 165080 patient days, fewer infections than predicted.","Present the hospital information in a clinical style. Retain measure names, numerical values, and performance direction. Do not infer causation or statistical significance.
Prioritize these measures and metrics when available: infection name, SIR, observed cases, device days or patient days, number of procedures, performance.
Preserve all numerical values and performance directions.

Hospital Information:
Central Line Associated Bloodstream Infection, SIR 0.602, 11 observed cases, 17212 device days, fewer infections than predicted. Catheter Associated Urinary Tract Infections, SIR 0.305, 8 observed cases, 18209 device days, fewer infections than predicted. SSI - Colon Surgery, SIR 0.736, 7 observed cases, 354 procedures, fewer infections than predicted. SSI - Abdominal Hysterectomy, SIR 1.321, 4 observed cases, 340 procedures, more infections than predicted. MRSA Bacteremia, SIR 0.731, 8 observed cases, 183957 patient days, fewer infections than predicted. Clostridium Difficile (C.Diff), SIR 0.517, 45 observed cases, 165080 patient days, fewer infections than predicted.

Summary:",271,"Present the hospital information in a clear, concise, and concise manner. Identify the measures and metrics that are most important to the reader. List the patient days, device days and device infections.",8.770570199994836,50.602083333333354,0.0,0.0,1.0,32,0.34408602150537637
Training,390231,JEFFERSON ABINGTON HOSPITAL,Healthcare-Associated Infections,Clinical,3,"Central Line Associated Bloodstream Infection, SIR 0.602, 11 observed cases, 17212 device days, fewer infections than predicted. Catheter Associated Urinary Tract Infections, SIR 0.305, 8 observed cases, 18209 device days, fewer infections than predicted. SSI - Colon Surgery, SIR 0.736, 7 observed cases, 354 procedures, fewer infections than predicted. SSI - Abdominal Hysterectomy, SIR 1.321, 4 observed cases, 340 procedures, more infections than predicted. MRSA Bacteremia, SIR 0.731, 8 observed cases, 183957 patient days, fewer infections than predicted. Clostridium Difficile (C.Diff), SIR 0.517, 45 observed cases, 165080 patient days, fewer infections than predicted.","Convert the hospital information into a professional clinical performance narrative. Preserve the reported scores and performance classifications for every included measure.
Prioritize these measures and metrics when available: infection name, SIR, observed cases, device days or patient days, number of procedures, performance.
Preserve all numerical values and performance directions.

Hospital Information:
Central Line Associated Bloodstream Infection, SIR 0.602, 11 observed cases, 17212 device days, fewer infections than predicted. Catheter Associated Urinary Tract Infections, SIR 0.305, 8 observed cases, 18209 device days, fewer infections than predicted. SSI - Colon Surgery, SIR 0.736, 7 observed cases, 354 procedures, fewer infections than predicted. SSI - Abdominal Hysterectomy, SIR 1.321, 4 observed cases, 340 procedures, more infections than predicted. MRSA Bacteremia, SIR 0.731, 8 observed cases, 183957 patient days, fewer infections than predicted. Clostridium Difficile (C.Diff), SIR 0.517, 45 observed cases, 165080 patient days, fewer infections than predicted.

Summary:",264,"Convert the hospital information into a professional clinical performance narrative. Preserve the reported scores and performance classifications for every included measure. Prioritize these measures and metrics when available: infection name, SIR, observed cases, device days or patient days, number of procedures, performance.",11.687791400006972,5.296428571428578,0.0,0.0,1.0,42,0.45161290322580644
Training,390231,JEFFERSON ABINGTON HOSPITAL,Healthcare-Associated Infections,Community Report,1,"Central Line Associated Bloodstream Infection had an SIR of 0.60, indicating fewer infections than predicted. Catheter Associated Urinary Tract Infections had an SIR of 0.30, indicating fewer infections than predicted. SSI - Colon Surgery had an SIR of 0.74, indicating fewer infections than predicted. SSI - Abdominal Hysterectomy had an SIR of 1.32, indicating more infections than predicted. MRSA Bacteremia had an SIR of 0.73, indicating fewer infections than predicted. Clostridium Difficile (C.Diff) had an SIR of 0.52, indicating fewer infections than predicted.","Rewrite the hospital information for a public community report. Use accessible, neutral, and informative language while preserving all numerical facts.
Prioritize these measures and metrics when available: infection name, SIR, observed cases, fewer or more infections than predicted.
Preserve all numerical values and performance directions.

Hospital Information:
Central Line Associated Bloodstream Infection had an SIR of 0.60, indicating fewer infections than predicted. Catheter Associated Urinary Tract Infections had an SIR of 0.30, indicating fewer infections than predicted. SSI - Colon Surgery had an SIR of 0.74, indicating fewer infections than predicted. SSI - Abdominal Hysterectomy had an SIR of 1.32, indicating more infections than predicted. MRSA Bacteremia had an SIR of 0.73, indicating fewer infections than predicted. Clostridium Difficile (C.Diff) had an SIR of 0.52, indicating fewer infections than predicted.

Summary:",224,"The hospital reported fewer Central Line Associated Bloodstream Infections than predicted. The SSI - Colon Surgery infection had an SIR of 0.74, indicating more infections than expected.",12.010992600000463,25.792666666666662,0.16666666666666666,1.0,1.0,27,0.3253012048192771
Training,390231,JEFFERSON ABINGTON HOSPITAL,Healthcare-Associated Infections,Community Report,2,"Central Line Associated Bloodstream Infection had an SIR of 0.60, indicating fewer infections than predicted. Catheter Associated Urinary Tract Infections had an SIR of 0.30, indicating fewer infections than predicted. SSI - Colon Surgery had an SIR of 0.74, indicating fewer infections than predicted. SSI - Abdominal Hysterectomy had an SIR of 1.32, indicating more infections than predicted. MRSA Bacteremia had an SIR of 0.73, indicating fewer infections than predicted. Clostridium Difficile (C.Diff) had an SIR of 0.52, indicating fewer infections than predicted.","Create a community-facing summary of the hospital performance results. Keep the tone balanced and understandable for the general public. Do not exaggerate strengths or weaknesses.
Prioritize these measures and metrics when available: infection name, SIR, observed cases, fewer or more infections than predicted.
Preserve all numerical values and performance directions.

Hospital Information:
Central Line Associated Bloodstream Infection had an SIR of 0.60, indicating fewer infections than predicted. Catheter Associated Urinary Tract Infections had an SIR of 0.30, indicating fewer infections than predicted. SSI - Colon Surgery had an SIR of 0.74, indicating fewer infections than predicted. SSI - Abdominal Hysterectomy had an SIR of 1.32, indicating more infections than predicted. MRSA Bacteremia had an SIR of 0.73, indicating fewer infections than predicted. Clostridium Difficile (C.Diff) had an SIR of 0.52, indicating fewer infections than predicted.

Summary:",232,Create a summary of the hospital performance results. Describe the results of each measure and metric. Include the following information in your summary: Identify the most important performance metrics. Highlight the strengths and weaknesses of your hospital.,9.165286799994647,39.67868243243245,0.0,0.0,1.0,37,0.4457831325301205
Training,390231,JEFFERSON ABINGTON HOSPITAL,Healthcare-Associated Infections,Community Report,3,"Central Line Associated Bloodstream Infection had an SIR of 0.60, indicating fewer infections than predicted. Catheter Associated Urinary Tract Infections had an SIR of 0.30, indicating fewer infections than predicted. SSI - Colon Surgery had an SIR of 0.74, indicating fewer infections than predicted. SSI - Abdominal Hysterectomy had an SIR of 1.32, indicating more infections than predicted. MRSA Bacteremia had an SIR of 0.73, indicating fewer infections than predicted. Clostridium Difficile (C.Diff) had an SIR of 0.52, indicating fewer infections than predicted.","Translate the hospital information into a short public hospital report. Use clear nontechnical language, identify important comparisons, and preserve all factual values and performance directions.
Prioritize these measures and metrics when available: infection name, SIR, observed cases, fewer or more infections than predicted.
Preserve all numerical values and performance directions.

Hospital Information:
Central Line Associated Bloodstream Infection had an SIR of 0.60, indicating fewer infections than predicted. Catheter Associated Urinary Tract Infections had an SIR of 0.30, indicating fewer infections than predicted. SSI - Colon Surgery had an SIR of 0.74, indicating fewer infections than predicted. SSI - Abdominal Hysterectomy had an SIR of 1.32, indicating more infections than predicted. MRSA Bacteremia had an SIR of 0.73, indicating fewer infections than predicted. Clostridium Difficile (C.Diff) had an SIR of 0.52, indicating fewer infections than predicted.

Summary:",233,"Central Line Associated Bloodstream Infection had an SIR of 0.60, indicating fewer infections than predicted. Catheter  associated Urinary Tract Infected patients were averaging 1.32 cases per day. SSI - Colon Surgery patients averaged 0.74 cases/day. Abdominal Hysterectomy patients Averaged 1.3 cases. MRSA Bacteremia patients exhibited 0.73%. Clostridium Difficile (C.Diff) patients experienced 0.52%.",20.614391100010835,1.5653846153846587,0.8333333333333334,0.8333333333333334,1.0,52,0.6265060240963856
Training,390231,JEFFERSON ABINGTON HOSPITAL,Timely and Effective Care,Patient Friendly,1,"For timely and effective care, Average (median) time patients spent in the emergency department before leaving from the visit, excluding patients transferred to another facility or psychiatric care/mental health patients. A lower number of minutes is better was a relative strength with a result of 262 (slower than average). The greatest opportunity was Average (median) time psychiatric/mental health patients spent in the emergency department before leaving from the visit. A lower number of minutes is better at 503 (slower than average).","Rewrite the hospital information for a patient with no healthcare background. Use plain everyday language and short sentences. Preserve all numbers and performance directions.
Prioritize these measures and metrics when available: measure name, result, faster or slower than average.
Preserve all numerical values and performance directions.

Hospital Information:
For timely and effective care, Average (median) time patients spent in the emergency department before leaving from the visit, excluding patients transferred to another facility or psychiatric care/mental health patients. A lower number of minutes is better was a relative strength with a result of 262 (slower than average). The greatest opportunity was Average (median) time psychiatric/mental health patients spent in the emergency department before leaving from the visit. A lower number of minutes is better at 503 (slower than average).

Summary:",184,"For timely and effective care, Average (median) time patients spent in the emergency department before leaving from the visit, excluding patients transferred to another facility or psychiatric care/mental health patients. A lower number of minutes is better.",12.657395699992776,25.028947368421086,0.0,0.0,0.6666666666666666,37,0.4567901234567901
Training,390231,JEFFERSON ABINGTON HOSPITAL,Timely and Effective Care,Patient Friendly,2,"For timely and effective care, Average (median) time patients spent in the emergency department before leaving from the visit, excluding patients transferred to another facility or psychiatric care/mental health patients. A lower number of minutes is better was a relative strength with a result of 262 (slower than average). The greatest opportunity was Average (median) time psychiatric/mental health patients spent in the emergency department before leaving from the visit. A lower number of minutes is better at 503 (slower than average).","Explain the hospital information as if speaking to a patient choosing where to receive care. Avoid technical jargon and make each result easy to understand. Do not add facts or change statistics.
Prioritize these measures and metrics when available: measure name, result, faster or slower than average.
Preserve all numerical values and performance directions.

Hospital Information:
For timely and effective care, Average (median) time patients spent in the emergency department before leaving from the visit, excluding patients transferred to another facility or psychiatric care/mental health patients. A lower number of minutes is better was a relative strength with a result of 262 (slower than average). The greatest opportunity was Average (median) time psychiatric/mental health patients spent in the emergency department before leaving from the visit. A lower number of minutes is better at 503 (slower than average).

Summary:",192,Explain the results in a clear and concise manner. Use the following metrics to describe the hospital’s performance. Describe the relative strengths and weaknesses of each measure. Compare the performance of the two measures.,8.06766789998801,57.7594642857143,0.0,0.0,0.0,34,0.41975308641975306
Training,390231,JEFFERSON ABINGTON HOSPITAL,Timely and Effective Care,Patient Friendly,3,"For timely and effective care, Average (median) time patients spent in the emergency department before leaving from the visit, excluding patients transferred to another facility or psychiatric care/mental health patients. A lower number of minutes is better was a relative strength with a result of 262 (slower than average). The greatest opportunity was Average (median) time psychiatric/mental health patients spent in the emergency department before leaving from the visit. A lower number of minutes is better at 503 (slower than average).","Translate the hospital information into clear patient-friendly language. Focus on what the results mean, use simple wording, and preserve all numbers and performance interpretations.
Prioritize these measures and metrics when available: measure name, result, faster or slower than average.
Preserve all numerical values and performance directions.

Hospital Information:
For timely and effective care, Average (median) time patients spent in the emergency department before leaving from the visit, excluding patients transferred to another facility or psychiatric care/mental health patients. A lower number of minutes is better was a relative strength with a result of 262 (slower than average). The greatest opportunity was Average (median) time psychiatric/mental health patients spent in the emergency department before leaving from the visit. A lower number of minutes is better at 503 (slower than average).

Summary:",186,"For timely and effective care, Average (median) time patients spent in the emergency department before leaving from the visit, excluding patients transferred to another facility or psychiatric care/mental health patients. A lower number of minutes is better was a relative strength with the result of 262 (slower than average). The greatest opportunity was Average(medianumber) of times patients were admitted to the ER.",17.033946000010474,27.062857142857155,0.5,1.0,1.0,62,0.7654320987654321
Training,390231,JEFFERSON ABINGTON HOSPITAL,Timely and Effective Care,Executive Summary,1,"For timely and effective care, Average (median) time patients spent in the emergency department before leaving from the visit, excluding patients transferred to another facility or psychiatric care/mental health patients. A lower number of minutes is better was a relative strength with a result of 262 (slower than average). The greatest opportunity was Average (median) time psychiatric/mental health patients spent in the emergency department before leaving from the visit. A lower number of minutes is better at 503 (slower than average).","Rewrite the hospital information as an executive summary for hospital leadership. Prioritize major strengths, weaknesses, and benchmark comparisons. Preserve all numerical values.
Prioritize these measures and metrics when available: measure name, hospital score, benchmark, performance, count or volume.
Preserve all numerical values and performance directions.

Hospital Information:
For timely and effective care, Average (median) time patients spent in the emergency department before leaving from the visit, excluding patients transferred to another facility or psychiatric care/mental health patients. A lower number of minutes is better was a relative strength with a result of 262 (slower than average). The greatest opportunity was Average (median) time psychiatric/mental health patients spent in the emergency department before leaving from the visit. A lower number of minutes is better at 503 (slower than average).

Summary:",189,"Rewrite the hospital information as an executive summary for hospital leadership. Prioritize major strengths, weaknesses, and benchmark comparisons. Preserve all numerical values. Maintain all quantitative values and metrics when available: measure name, hospital score, benchmark, performance, count or volume.",10.674500699999044,16.89259615384617,0.0,0.0,0.0,39,0.48148148148148145
Training,390231,JEFFERSON ABINGTON HOSPITAL,Timely and Effective Care,Executive Summary,2,"For timely and effective care, Average (median) time patients spent in the emergency department before leaving from the visit, excluding patients transferred to another facility or psychiatric care/mental health patients. A lower number of minutes is better was a relative strength with a result of 262 (slower than average). The greatest opportunity was Average (median) time psychiatric/mental health patients spent in the emergency department before leaving from the visit. A lower number of minutes is better at 503 (slower than average).","Summarize the hospital information for an executive audience. Use professional, direct language and emphasize performance relative to comparison groups. Keep all quantitative evidence unchanged.
Prioritize these measures and metrics when available: measure name, hospital score, benchmark, performance, count or volume.
Preserve all numerical values and performance directions.

Hospital Information:
For timely and effective care, Average (median) time patients spent in the emergency department before leaving from the visit, excluding patients transferred to another facility or psychiatric care/mental health patients. A lower number of minutes is better was a relative strength with a result of 262 (slower than average). The greatest opportunity was Average (median) time psychiatric/mental health patients spent in the emergency department before leaving from the visit. A lower number of minutes is better at 503 (slower than average).

Summary:",186,Prepare a presentation of the hospital information. Identify the strengths and opportunities for improvement in the performance of your hospital. Use the following metrics to measure performance: Describe the relative strengths of each performance measure.,10.360945899999933,25.79333333333335,0.0,0.0,0.0,35,0.43209876543209874
Training,390231,JEFFERSON ABINGTON HOSPITAL,Timely and Effective Care,Executive Summary,3,"For timely and effective care, Average (median) time patients spent in the emergency department before leaving from the visit, excluding patients transferred to another facility or psychiatric care/mental health patients. A lower number of minutes is better was a relative strength with a result of 262 (slower than average). The greatest opportunity was Average (median) time psychiatric/mental health patients spent in the emergency department before leaving from the visit. A lower number of minutes is better at 503 (slower than average).","Create a brief leadership-level performance summary. Highlight areas performing above and below benchmark while retaining the exact numerical findings.
Prioritize these measures and metrics when available: measure name, hospital score, benchmark, performance, count or volume.
Preserve all numerical values and performance directions.

Hospital Information:
For timely and effective care, Average (median) time patients spent in the emergency department before leaving from the visit, excluding patients transferred to another facility or psychiatric care/mental health patients. A lower number of minutes is better was a relative strength with a result of 262 (slower than average). The greatest opportunity was Average (median) time psychiatric/mental health patients spent in the emergency department before leaving from the visit. A lower number of minutes is better at 503 (slower than average).

Summary:",181,"Highlight areas performing above and below benchmark while retaining the exact numerical findings. Prioritize these measures and metrics when available: measure name, hospital score, benchmark, performance, count or volume. Keep all numerical values and performance directions.",11.926603500003694,25.455000000000013,0.0,0.0,0.0,36,0.4444444444444444
Training,390231,JEFFERSON ABINGTON HOSPITAL,Timely and Effective Care,Clinical,1,"For timely and effective care, Average (median) time patients spent in the emergency department before leaving from the visit, excluding patients transferred to another facility or psychiatric care/mental health patients. A lower number of minutes is better was a relative strength with a result of 262 (slower than average). The greatest opportunity was Average (median) time psychiatric/mental health patients spent in the emergency department before leaving from the visit. A lower number of minutes is better at 503 (slower than average).","Rewrite the hospital information for a healthcare professional audience. Maintain appropriate clinical terminology, report quantitative performance precisely, and do not add unsupported conclusions.
Prioritize these measures and metrics when available: measure name, hospital score, unit, benchmark, difference from benchmark, time, count or volume, performance.
Preserve all numerical values and performance directions.

Hospital Information:
For timely and effective care, Average (median) time patients spent in the emergency department before leaving from the visit, excluding patients transferred to another facility or psychiatric care/mental health patients. A lower number of minutes is better was a relative strength with a result of 262 (slower than average). The greatest opportunity was Average (median) time psychiatric/mental health patients spent in the emergency department before leaving from the visit. A lower number of minutes is better at 503 (slower than average).

Summary:",194,"For timely and effective care, Average (median) time patients spent in the emergency department before leaving from the visit, excluding patients transferred to another facility or psychiatric care/mental health patients. A lower number of minutes is better was a relative strength with an average result of 262 (slower than average). The greatest opportunity was average (medium) times patients were admitted to the ER.",21.556579500000225,27.062857142857155,0.5,1.0,1.0,63,0.7777777777777778
Training,390231,JEFFERSON ABINGTON HOSPITAL,Timely and Effective Care,Clinical,2,"For timely and effective care, Average (median) time patients spent in the emergency department before leaving from the visit, excluding patients transferred to another facility or psychiatric care/mental health patients. A lower number of minutes is better was a relative strength with a result of 262 (slower than average). The greatest opportunity was Average (median) time psychiatric/mental health patients spent in the emergency department before leaving from the visit. A lower number of minutes is better at 503 (slower than average).","Present the hospital information in a clinical style. Retain measure names, numerical values, and performance direction. Do not infer causation or statistical significance.
Prioritize these measures and metrics when available: measure name, hospital score, unit, benchmark, difference from benchmark, time, count or volume, performance.
Preserve all numerical values and performance directions.

Hospital Information:
For timely and effective care, Average (median) time patients spent in the emergency department before leaving from the visit, excluding patients transferred to another facility or psychiatric care/mental health patients. A lower number of minutes is better was a relative strength with a result of 262 (slower than average). The greatest opportunity was Average (median) time psychiatric/mental health patients spent in the emergency department before leaving from the visit. A lower number of minutes is better at 503 (slower than average).

Summary:",199,"Present the information in a clear, concise, and concise manner. Use the following metrics when available: Describe the measures and metrics. Identify the strengths and weaknesses of each measure. Compare the performance of the hospital to the national average.",13.027102399995783,45.09259615384616,0.0,0.0,0.3333333333333333,39,0.48148148148148145
Training,390231,JEFFERSON ABINGTON HOSPITAL,Timely and Effective Care,Clinical,3,"For timely and effective care, Average (median) time patients spent in the emergency department before leaving from the visit, excluding patients transferred to another facility or psychiatric care/mental health patients. A lower number of minutes is better was a relative strength with a result of 262 (slower than average). The greatest opportunity was Average (median) time psychiatric/mental health patients spent in the emergency department before leaving from the visit. A lower number of minutes is better at 503 (slower than average).","Convert the hospital information into a professional clinical performance narrative. Preserve the reported scores and performance classifications for every included measure.
Prioritize these measures and metrics when available: measure name, hospital score, unit, benchmark, difference from benchmark, time, count or volume, performance.
Preserve all numerical values and performance directions.

Hospital Information:
For timely and effective care, Average (median) time patients spent in the emergency department before leaving from the visit, excluding patients transferred to another facility or psychiatric care/mental health patients. A lower number of minutes is better was a relative strength with a result of 262 (slower than average). The greatest opportunity was Average (median) time psychiatric/mental health patients spent in the emergency department before leaving from the visit. A lower number of minutes is better at 503 (slower than average).

Summary:",192,"Convert the hospital information into a professional clinical performance narrative. Preserve the reported scores and performance classifications for every included measure. Prioritize these measures and metrics when available: measure name, hospital score, unit, benchmark, difference from benchmark.",12.315830299994559,4.538288288288271,0.0,0.0,0.0,37,0.4567901234567901
Training,390231,JEFFERSON ABINGTON HOSPITAL,Timely and Effective Care,Community Report,1,"For timely and effective care, Average (median) time patients spent in the emergency department before leaving from the visit, excluding patients transferred to another facility or psychiatric care/mental health patients. A lower number of minutes is better was a relative strength with a result of 262 (slower than average). The greatest opportunity was Average (median) time psychiatric/mental health patients spent in the emergency department before leaving from the visit. A lower number of minutes is better at 503 (slower than average).","Rewrite the hospital information for a public community report. Use accessible, neutral, and informative language while preserving all numerical facts.
Prioritize these measures and metrics when available: measure name, result, performance compared with average.
Preserve all numerical values and performance directions.

Hospital Information:
For timely and effective care, Average (median) time patients spent in the emergency department before leaving from the visit, excluding patients transferred to another facility or psychiatric care/mental health patients. A lower number of minutes is better was a relative strength with a result of 262 (slower than average). The greatest opportunity was Average (median) time psychiatric/mental health patients spent in the emergency department before leaving from the visit. A lower number of minutes is better at 503 (slower than average).

Summary:",180,"For timely and effective care, Average (median) time patients spent in the emergency department before leaving from the visit, excluding patients transferred to another facility or psychiatric care/mental health patients. A lower number of minutes is better.",25.28706690001127,25.028947368421086,0.0,0.0,0.6666666666666666,37,0.4567901234567901
Training,390231,JEFFERSON ABINGTON HOSPITAL,Timely and Effective Care,Community Report,2,"For timely and effective care, Average (median) time patients spent in the emergency department before leaving from the visit, excluding patients transferred to another facility or psychiatric care/mental health patients. A lower number of minutes is better was a relative strength with a result of 262 (slower than average). The greatest opportunity was Average (median) time psychiatric/mental health patients spent in the emergency department before leaving from the visit. A lower number of minutes is better at 503 (slower than average).","Create a community-facing summary of the hospital performance results. Keep the tone balanced and understandable for the general public. Do not exaggerate strengths or weaknesses.
Prioritize these measures and metrics when available: measure name, result, performance compared with average.
Preserve all numerical values and performance directions.

Hospital Information:
For timely and effective care, Average (median) time patients spent in the emergency department before leaving from the visit, excluding patients transferred to another facility or psychiatric care/mental health patients. A lower number of minutes is better was a relative strength with a result of 262 (slower than average). The greatest opportunity was Average (median) time psychiatric/mental health patients spent in the emergency department before leaving from the visit. A lower number of minutes is better at 503 (slower than average).

Summary:",188,Write a summary of the hospital performance results. Describe the strengths and weaknesses of each measure. List the measures and metrics that are most important to the community. Write the summary in the following format:,16.2727942999918,52.381904761904764,0.0,0.0,0.0,35,0.43209876543209874
Training,390231,JEFFERSON ABINGTON HOSPITAL,Timely and Effective Care,Community Report,3,"For timely and effective care, Average (median) time patients spent in the emergency department before leaving from the visit, excluding patients transferred to another facility or psychiatric care/mental health patients. A lower number of minutes is better was a relative strength with a result of 262 (slower than average). The greatest opportunity was Average (median) time psychiatric/mental health patients spent in the emergency department before leaving from the visit. A lower number of minutes is better at 503 (slower than average).","Translate the hospital information into a short public hospital report. Use clear nontechnical language, identify important comparisons, and preserve all factual values and performance directions.
Prioritize these measures and metrics when available: measure name, result, performance compared with average.
Preserve all numerical values and performance directions.

Hospital Information:
For timely and effective care, Average (median) time patients spent in the emergency department before leaving from the visit, excluding patients transferred to another facility or psychiatric care/mental health patients. A lower number of minutes is better was a relative strength with a result of 262 (slower than average). The greatest opportunity was Average (median) time psychiatric/mental health patients spent in the emergency department before leaving from the visit. A lower number of minutes is better at 503 (slower than average).

Summary:",189,"For timely and effective care, Average (median) time patients spent in the emergency department before leaving from the visit, excluding patients transferred to another facility or psychiatric care/mental health patients. A lower number of minutes is better was a relative strength with an average result of 262 (slower than average). The greatest opportunity was average (medium) times patients stayed in hospital for mental health care.",22.858393400005298,27.357179487179508,0.5,1.0,1.0,65,0.8024691358024691
